sip_amount,horizon_years,stepup_percent,risk_category,market_condition,annual_rate,future_value
67795,29,10,2,1,0.135,665965416.0
24376,21,5,0,1,0.064,19703821.0
90676,29,5,0,2,0.084,220257566.0
85853,14,0,0,1,0.0781,26203916.0
69045,8,0,1,2,0.1273,11538368.0
45968,22,10,2,1,0.1334,146927469.0
13264,23,5,2,2,0.1558,47341158.0
18946,8,0,0,0,0.04,2146486.0
32635,19,0,2,1,0.1316,33151882.0
76813,13,15,1,0,0.0776,47249122.0
27365,28,10,1,1,0.1073,149934328.0
25459,5,10,0,1,0.0766,2245789.0
64913,10,10,0,0,0.0555,15922406.0
70205,7,5,1,0,0.1026,9861944.0
97100,9,15,1,1,0.1203,31655596.0
85401,14,0,1,0,0.0847,27537004.0
57350,6,15,0,1,0.0702,7298402.0
17588,10,0,1,0,0.0897,3422659.0
16040,1,0,0,1,0.0485,197611.0
18125,11,15,1,1,0.0978,8334585.0
31759,8,10,1,1,0.1083,6587051.0
94606,6,5,2,1,0.1383,11834304.0
73585,17,15,1,1,0.1151,123186969.0
82052,4,10,0,2,0.0946,5510143.0
38031,6,10,1,1,0.0923,4597924.0
57989,29,5,2,1,0.1452,440673995.0
5737,15,5,1,1,0.1118,3488596.0
51257,10,10,1,0,0.0962,15319233.0
82563,17,5,1,2,0.1407,90667250.0
11015,10,10,0,2,0.0886,3168710.0
60991,5,0,1,1,0.1225,5065186.0
37965,19,5,1,2,0.1211,45773168.0
16095,7,0,1,0,0.0805,1820283.0
16053,29,5,2,1,0.1443,119792266.0
89408,24,10,0,2,0.0863,217562683.0
32519,19,10,0,1,0.0726,35165960.0
64386,10,10,2,0,0.1399,24134241.0
53337,19,10,0,1,0.0739,58353843.0
24063,11,10,2,0,0.1221,10070893.0
72842,3,10,1,2,0.1213,3477318.0
13573,11,5,0,0,0.04,2854327.0
18248,6,5,1,1,0.1093,2078292.0
93192,6,0,1,1,0.1207,9877905.0
17941,15,15,0,0,0.0468,13228100.0
79554,3,5,1,2,0.134,3704555.0
14088,22,5,1,1,0.1243,27159974.0
87211,25,15,2,1,0.154,959452173.0
17124,11,15,0,1,0.0743,7003890.0
83367,8,0,1,1,0.1117,12961232.0
4819,27,0,2,2,0.1448,19295203.0
96822,29,10,0,1,0.0637,333872798.0
12164,29,0,1,1,0.1072,28965087.0
33701,23,0,1,0,0.0815,27349552.0
83011,23,15,1,2,0.1325,488744645.0
50437,8,5,1,1,0.1291,9819941.0
85841,23,10,1,1,0.1252,290087606.0
78034,29,0,0,1,0.0724,92603451.0
33869,16,15,0,1,0.0778,36056099.0
37603,3,10,2,2,0.1527,1885363.0
5235,8,10,2,1,0.1546,1318447.0
13015,8,15,2,2,0.1444,3642995.0
15601,13,0,0,1,0.0791,4257955.0
8509,1,0,0,1,0.075,106350.0
40484,10,0,0,2,0.0824,7559699.0
17918,5,0,1,0,0.0879,1353916.0
41975,5,10,0,1,0.0587,3541334.0
42520,17,5,0,1,0.0591,21231246.0
36693,22,10,1,2,0.1141,92994839.0
27959,14,10,2,0,0.1277,21532737.0
1909,6,15,2,0,0.1321,290887.0
76141,14,10,2,0,0.0984,47404406.0
81041,12,0,1,1,0.1284,27786088.0
1118,20,15,1,1,0.1099,3084267.0
29638,22,15,1,1,0.1129,119234026.0
69649,22,15,0,2,0.0753,198519600.0
81301,1,15,2,1,0.1532,1060490.0
84411,5,15,1,0,0.092,8477535.0
19480,18,0,1,2,0.1414,19329064.0
8944,14,5,2,1,0.1522,6515673.0
36022,7,5,2,0,0.1333,5685808.0
91625,29,15,0,1,0.0635,690060455.0
49707,25,5,2,2,0.1579,255579860.0
99099,15,10,1,1,0.1039,75916202.0
56255,9,5,0,1,0.079,10591597.0
67769,15,10,2,0,0.1233,60427884.0
88178,27,0,0,2,0.1007,148241253.0
29708,16,15,1,1,0.1211,43081150.0
31937,9,10,1,2,0.1127,8418521.0
59823,27,0,1,1,0.1235,156176478.0
39399,7,0,1,1,0.1195,5189674.0
66665,7,15,0,0,0.0463,10208739.0
19155,17,5,0,0,0.0535,9111763.0
21838,11,0,1,0,0.0888,4893496.0
24154,27,5,0,0,0.0562,31568600.0
45035,6,5,1,1,0.1063,5080405.0
31294,14,5,1,1,0.1148,16715637.0
71809,15,10,2,1,0.1407,73727928.0
75233,21,5,0,1,0.0657,61925031.0
6628,8,5,2,2,0.1619,1495457.0
46849,24,0,1,2,0.1571,149809094.0
26414,27,15,2,0,0.1131,247536207.0
71254,4,10,1,1,0.1075,4912213.0
20060,1,5,1,0,0.0833,251865.0
1096,6,15,1,0,0.0844,145223.0
84883,26,5,0,1,0.0782,137879314.0
96932,1,5,1,1,0.1172,1239709.0
12058,21,0,1,2,0.1299,15860950.0
13218,5,15,0,1,0.0803,1290267.0
17982,19,0,0,0,0.0579,7479525.0
61325,5,0,1,2,0.1284,5177166.0
98817,22,5,0,0,0.04,67784699.0
70499,5,5,1,0,0.0983,5997829.0
91540,17,5,2,1,0.1417,101620813.0
47622,28,15,0,2,0.0902,404149128.0
24677,12,15,2,1,0.1353,17298662.0
45741,7,15,1,1,0.1174,8854173.0
67860,15,15,0,2,0.0935,66944277.0
28166,19,5,0,1,0.0676,19062557.0
44374,23,5,1,2,0.1177,89634601.0
47908,21,0,0,1,0.0807,31649015.0
91031,13,5,0,2,0.096,36146293.0
92628,12,15,0,2,0.0926,50915612.0
67875,19,10,2,1,0.1134,107712203.0
49316,13,5,1,1,0.1096,21601923.0
13286,27,15,1,2,0.1276,148547637.0
64539,6,0,1,1,0.1038,6466058.0
30235,1,5,0,1,0.0775,378426.0
78131,6,10,0,2,0.0971,9585653.0
60890,13,15,0,1,0.0744,36778844.0
26552,13,5,1,0,0.1004,10875759.0
14629,13,15,2,1,0.1298,12299594.0
47489,20,10,1,1,0.1055,81064754.0
59958,4,10,1,0,0.0907,3994780.0
59928,5,0,2,1,0.1338,5135824.0
96461,13,10,0,2,0.0973,50262537.0
39258,9,5,0,0,0.0448,6314311.0
13843,17,10,1,0,0.103,14549958.0
98571,3,5,2,2,0.1507,4713912.0
24988,27,5,1,1,0.1313,108892247.0
99219,20,15,1,0,0.1103,274735175.0
99522,18,5,2,2,0.1591,158848487.0
34301,25,5,2,1,0.1515,157773915.0
81513,27,0,0,1,0.066,73205242.0
8951,15,15,1,1,0.1201,10603711.0
92607,23,5,2,0,0.1182,188393579.0
76101,1,0,2,2,0.1471,989374.0
29715,9,15,2,1,0.1047,9052635.0
53975,6,10,2,1,0.1373,7495058.0
62293,18,5,1,2,0.1328,73736116.0
50216,1,10,1,0,0.1033,637398.0
38109,22,15,1,0,0.0904,123943590.0
38850,7,15,2,0,0.13,7853880.0
47664,10,0,0,0,0.0455,7251731.0
77870,6,5,2,1,0.1366,9688562.0
92836,7,5,1,1,0.1205,13953753.0
20369,6,0,1,0,0.0654,1799540.0
90937,8,10,1,0,0.0901,17525773.0
61216,2,15,0,0,0.046,1654670.0
21639,9,0,0,2,0.1036,3869240.0
65305,25,15,1,1,0.1047,400564731.0
83924,27,10,2,1,0.1452,712326763.0
19506,9,10,1,1,0.1192,5298884.0
64625,7,10,1,1,0.0951,10108320.0
79302,9,5,0,0,0.0486,12977347.0
73232,17,15,0,2,0.0857,98190984.0
63766,3,15,0,2,0.0995,3078402.0
4981,16,0,0,1,0.0768,1881898.0
83391,16,15,1,1,0.1077,109419335.0
20789,2,5,2,1,0.1295,585555.0
1308,11,0,1,1,0.1204,360108.0
94046,16,10,1,0,0.0893,75546739.0
95908,15,15,2,1,0.1238,116642420.0
74243,1,5,1,0,0.0747,927788.0
82058,21,5,2,0,0.1244,137406970.0
36815,17,15,0,1,0.0572,40566853.0
27497,3,5,0,2,0.1086,1229925.0
97060,22,10,0,2,0.0806,170093062.0
44959,22,15,2,0,0.12,194171957.0
35785,19,15,1,0,0.0916,71022598.0
14366,20,15,0,1,0.0627,26867334.0
38649,7,0,0,2,0.0676,4160324.0
27928,22,10,1,2,0.1319,87672977.0
87117,29,5,0,2,0.0825,206208587.0
25105,11,15,0,1,0.0712,10113798.0
20843,18,15,2,0,0.1188,43293747.0
71970,25,5,1,0,0.0926,129556078.0
34339,14,10,2,0,0.1356,28080066.0
86509,16,5,0,1,0.0645,40296560.0
78171,6,5,0,0,0.0453,7296912.0
67132,2,15,1,1,0.0933,1904704.0
22457,23,0,0,1,0.068,14983099.0
98951,11,0,2,0,0.1241,27925771.0
51222,11,0,2,2,0.1552,17861642.0
94857,26,0,1,1,0.1142,183061646.0
81370,10,0,1,2,0.1282,19859098.0
87245,4,15,0,2,0.077,6056877.0
69907,17,0,1,0,0.0931,34862187.0
1157,10,5,1,1,0.1079,301656.0
82568,9,15,0,0,0.0512,20193694.0
59266,13,5,0,2,0.0843,21662502.0
4318,11,0,2,1,0.1334,1297621.0
79998,10,10,2,2,0.1616,33728143.0
60690,24,0,1,0,0.0877,59744002.0
75493,5,15,0,1,0.0872,7494695.0
78379,3,5,1,2,0.138,3673001.0
69148,4,10,2,1,0.1455,5156286.0
21946,3,10,1,0,0.0882,995523.0
13020,10,10,2,1,0.1197,4387435.0
79309,24,5,2,0,0.1119,167986797.0
31247,13,15,1,0,0.0835,19878929.0
1443,5,10,2,1,0.1373,148564.0
39741,13,5,2,1,0.1397,21813890.0
18288,27,5,0,2,0.0966,43967387.0
3910,24,0,1,1,0.1127,5787090.0
45169,1,5,1,1,0.1216,579088.0
18309,25,15,1,0,0.0869,93605872.0
78449,11,15,2,0,0.1226,41030337.0
15265,26,10,2,0,0.1234,79488094.0
95499,3,5,2,0,0.1225,4366200.0
96441,17,5,1,1,0.1228,88042349.0
25235,19,0,0,1,0.078,13216003.0
56082,13,0,1,2,0.1168,20547143.0
59095,16,5,1,1,0.1089,40616300.0
75962,18,5,1,0,0.0899,57082449.0
3922,23,5,0,0,0.0715,4264104.0
59006,26,0,1,2,0.1267,143986904.0
41323,20,0,0,1,0.0602,19228532.0
96627,23,15,0,2,0.0944,384504001.0
28771,19,10,1,0,0.095,38157851.0
10776,6,10,1,0,0.0893,1290972.0
67455,23,10,1,0,0.0878,146031647.0
38772,7,10,2,2,0.1695,7961111.0
54371,15,0,0,0,0.0415,13588340.0
21954,5,0,1,1,0.1066,1745358.0
21837,16,5,0,1,0.0648,10192240.0
76494,6,15,2,1,0.1509,12340100.0
6575,3,15,2,0,0.1229,328887.0
52105,12,10,1,1,0.0994,23052571.0
52720,4,5,0,0,0.0404,2956456.0
74481,27,5,2,2,0.1787,797011758.0
55080,22,0,2,0,0.1308,84313632.0
77399,3,5,0,0,0.0584,3201236.0
82393,16,15,2,1,0.1401,138455685.0
33309,16,15,0,2,0.1051,42892390.0
23954,23,5,1,1,0.099,37238129.0
50594,19,0,0,1,0.0775,26339667.0
34368,15,15,1,0,0.0856,32186881.0
94278,9,0,0,0,0.0475,12724807.0
78670,20,0,2,1,0.1473,114707076.0
12580,2,15,1,0,0.0886,355176.0
21966,6,0,0,1,0.0657,1942504.0
82573,14,10,1,2,0.125,62358968.0
69322,9,10,0,2,0.0701,15094594.0
85615,29,10,0,0,0.0576,274350349.0
16231,10,5,1,1,0.0999,4051000.0
12840,26,15,1,2,0.1486,158124732.0
3052,18,10,1,2,0.1271,4713851.0
34399,15,0,2,0,0.1331,19699979.0
69978,4,10,0,1,0.0519,4313026.0
2754,5,0,0,2,0.0973,213472.0
76306,25,15,1,1,0.1199,553071174.0
80035,23,10,0,2,0.103,206283445.0
66525,21,15,0,1,0.0547,137292683.0
1025,6,10,0,0,0.043,107146.0
90866,25,0,1,0,0.0958,113105495.0
11401,15,0,0,0,0.0515,3098667.0
7553,20,5,0,0,0.0529,4899302.0
72295,29,5,2,2,0.1564,691541154.0
8755,2,5,2,1,0.1555,253510.0
79920,16,10,1,1,0.1361,94773357.0
96464,5,15,0,1,0.071,9209766.0
94014,23,10,0,1,0.0745,176268309.0
34897,28,0,2,0,0.1206,97382570.0
46064,4,15,1,2,0.1428,3646867.0
98910,28,0,1,1,0.1183,263479296.0
87065,1,5,0,1,0.0593,1078976.0
39409,8,0,2,2,0.1539,7464132.0
98904,21,10,2,1,0.1299,257925817.0
56049,10,0,2,2,0.1869,19701659.0
47669,15,0,0,2,0.0964,19262124.0
15371,2,0,0,0,0.044,386315.0
73905,19,15,0,0,0.0432,102555721.0
70431,12,0,2,2,0.1681,32681468.0
80989,10,0,1,1,0.119,18710743.0
5797,12,5,0,0,0.058,1549341.0
46809,26,5,0,1,0.0657,63710965.0
68364,21,10,1,1,0.1131,147204183.0
76263,27,5,1,2,0.1311,331082878.0
79053,20,0,2,2,0.1506,120932767.0
17943,25,5,0,2,0.0807,27223711.0
27831,9,15,2,2,0.1641,11054080.0
43044,8,10,0,0,0.052,7149446.0
25814,2,5,2,1,0.1455,739567.0
74586,21,10,2,0,0.1279,190045425.0
61258,24,10,1,0,0.105,186356123.0
60439,24,10,0,2,0.0822,140385327.0
76199,7,15,1,1,0.1163,14692314.0
73436,4,0,1,2,0.1375,4718072.0
39355,19,15,1,0,0.0869,75222700.0
88332,8,10,0,2,0.0912,17097896.0
60389,24,5,2,0,0.1171,138246335.0
16784,13,5,2,0,0.1411,9314078.0
4683,26,15,0,1,0.071,24058140.0
74932,21,5,0,1,0.0745,68125836.0
8347,3,10,2,1,0.1374,408557.0
86520,5,10,2,2,0.1552,9336973.0
44097,20,0,1,1,0.097,32463804.0
89563,8,10,2,1,0.151,22206516.0
84133,2,5,1,0,0.0977,2291303.0
57499,27,0,2,1,0.137,196423128.0
15072,24,5,2,1,0.131,42650047.0
13026,10,15,2,1,0.1418,5972428.0
53832,22,0,1,1,0.105,55710354.0
41966,16,10,1,2,0.1278,46290655.0
32041,4,0,2,0,0.1074,1927630.0
97523,27,10,1,1,0.1122,499013205.0
70034,14,10,1,1,0.1124,48184371.0
33256,3,5,1,0,0.1009,1469725.0
15905,10,10,1,2,0.1285,5610656.0
91375,13,10,0,1,0.0667,39244735.0
68673,5,10,1,1,0.0944,6334492.0
82482,22,5,2,1,0.151,232636975.0
91044,17,10,1,2,0.1389,132521680.0
55100,17,15,2,1,0.1403,113267647.0
82156,11,5,1,1,0.0967,23880080.0
81359,26,15,2,0,0.1079,608668814.0
71996,19,0,0,0,0.0445,25837693.0
40666,18,5,2,0,0.1297,46494773.0
79258,28,15,1,2,0.1329,1127071389.0
91230,17,5,1,1,0.0951,63334042.0
73750,11,10,2,2,0.164,39608489.0
98447,15,5,0,0,0.0416,34126301.0
14310,8,0,1,1,0.1048,2155544.0
90591,12,15,1,2,0.1397,65180198.0
81410,29,5,2,0,0.1277,436886774.0
28943,17,10,2,1,0.1509,47270659.0
32917,26,15,0,2,0.0898,203001480.0
55666,24,15,2,2,0.1688,614247446.0
2702,5,15,1,2,0.1241,293728.0
58873,29,0,2,2,0.1574,419565359.0
21058,4,10,0,1,0.0667,1336787.0
42262,24,10,0,0,0.0502,69922292.0
15537,24,15,1,1,0.0971,74812626.0
78795,11,5,2,2,0.1577,33546625.0
82428,8,15,1,1,0.1245,21319958.0
21635,16,10,0,1,0.0591,13831368.0
29544,16,0,0,1,0.0567,9248596.0
66549,3,0,2,1,0.1275,2930781.0
52955,12,15,2,0,0.1466,39715232.0
38308,24,0,1,1,0.1146,58548390.0
74626,13,0,0,1,0.0673,18636274.0
3169,1,5,1,1,0.1107,40387.0
11423,29,0,1,1,0.1123,30260602.0
43803,4,5,1,0,0.0836,2684373.0
94988,21,15,0,1,0.0648,211902600.0
9017,6,10,2,1,0.1384,1256487.0
44678,5,10,0,1,0.0628,3807617.0
58392,5,5,1,1,0.106,5070004.0
33948,21,10,0,1,0.0735,48495043.0
92529,25,15,1,1,0.1,540226654.0
78147,10,10,1,2,0.1561,31971484.0
33219,26,0,2,2,0.1675,180026444.0
31860,19,15,1,2,0.1173,78500276.0
22063,18,15,0,1,0.0452,26451227.0
48574,26,10,2,1,0.1331,291613213.0
80601,2,10,2,0,0.1268,2315621.0
25324,16,5,2,1,0.1449,24560896.0
67822,15,0,2,1,0.1389,41113306.0
42666,24,10,2,1,0.134,189448338.0
25869,5,10,0,1,0.061,2194914.0
72164,21,5,1,0,0.086,74941582.0
30093,22,10,1,0,0.0799,52326575.0
47650,9,0,1,2,0.126,9583600.0
67196,23,0,1,1,0.1233,104411545.0
49016,5,15,2,1,0.1323,5438126.0
20562,5,15,1,2,0.1361,2303273.0
69925,26,0,1,1,0.1176,143921048.0
56553,9,5,2,0,0.1092,12315610.0
58279,9,15,2,0,0.1116,18288600.0
36608,2,0,2,1,0.1507,1030748.0
61840,7,0,1,1,0.1007,7563848.0
11770,26,15,2,2,0.1594,168017536.0
56461,1,0,2,1,0.1604,739382.0
27627,20,0,0,2,0.0998,21098311.0
7146,2,0,0,0,0.0509,180891.0
89481,26,0,1,0,0.0984,129630237.0
60753,25,15,2,2,0.1594,718033810.0
91480,12,5,1,0,0.1002,31980508.0
53079,6,0,0,2,0.0695,4753070.0
59074,20,10,0,1,0.0686,70547375.0
83816,19,5,2,0,0.0991,78956954.0
63507,16,10,1,1,0.1116,61086114.0
24251,4,10,0,1,0.0676,1542260.0
95771,18,0,2,2,0.1736,142736618.0
32896,5,15,1,1,0.1171,3514149.0
40113,25,10,2,1,0.1347,210866637.0
54711,22,10,2,0,0.1159,141693031.0
14322,18,10,0,1,0.0738,13617027.0
8747,6,0,1,0,0.0843,821696.0
98748,25,0,0,0,0.0497,58764265.0
59697,14,15,1,2,0.1432,67829822.0
36903,20,0,1,1,0.1017,28894854.0
68813,17,5,2,0,0.1155,58362892.0
41970,18,15,2,1,0.1369,101943980.0
68192,21,0,1,2,0.1616,144197326.0
43207,10,0,2,0,0.1261,10410268.0
51812,23,10,0,0,0.0613,84799903.0
33403,24,0,1,0,0.0977,38589181.0
35531,19,10,0,0,0.0584,33985388.0
65009,25,0,2,1,0.1447,193535785.0
16413,18,0,1,1,0.1137,11652317.0
41633,4,0,2,1,0.1255,2605401.0
73446,20,0,0,1,0.0736,40211510.0
61032,15,0,1,2,0.1289,33559308.0
36385,6,15,2,1,0.1455,5772674.0
92040,26,0,0,2,0.0893,113455188.0
74637,6,0,0,1,0.0776,6861186.0
51578,3,10,2,2,0.1694,2654992.0
74603,9,5,1,1,0.0809,14174557.0
29235,11,5,2,1,0.1357,10799357.0
71744,5,15,1,2,0.1114,7556891.0
81464,14,0,0,0,0.0524,20220433.0
76961,2,5,0,1,0.067,2029537.0
29485,22,10,0,1,0.0836,53274669.0
99059,19,10,2,2,0.1621,264051014.0
14182,8,15,2,1,0.1351,3825592.0
72758,13,10,2,1,0.1494,54212407.0
15480,19,5,0,1,0.0668,10391535.0
57960,5,5,1,2,0.125,5292993.0
52213,15,5,2,1,0.1439,42249957.0
64094,4,0,2,2,0.1761,4486494.0
46057,4,10,2,0,0.1285,3315671.0
36061,18,10,0,0,0.0557,29558584.0
84545,24,0,1,1,0.1375,191149589.0
16789,19,5,1,1,0.1027,16442647.0
99875,20,10,1,1,0.1025,165315934.0
30107,22,5,2,0,0.1215,55844045.0
27287,9,0,2,0,0.1352,5762610.0
16014,15,5,1,1,0.1006,8850961.0
9574,12,15,0,0,0.0675,4608828.0
39597,4,0,1,0,0.0756,2225242.0
18467,3,5,2,2,0.1588,894683.0
44477,5,0,1,1,0.1117,3586181.0
88450,25,10,1,1,0.1012,294990530.0
55354,17,15,1,2,0.1238,99293589.0
78897,5,0,0,1,0.078,5803942.0
65965,27,5,2,2,0.1744,648126043.0
86417,4,10,2,1,0.1189,6098054.0
22880,21,5,1,1,0.1118,32592337.0
28251,7,5,2,1,0.1389,4555043.0
53546,7,0,0,1,0.0711,5840467.0
45016,7,0,1,1,0.1068,5639282.0
27889,17,5,0,0,0.04,11834559.0
26979,25,0,1,2,0.1454,81350343.0
62516,15,5,1,1,0.1216,41402228.0
49741,7,0,1,0,0.089,5811166.0
66035,15,15,0,1,0.0651,54345749.0
58133,20,0,2,2,0.1539,93176000.0
14360,4,5,2,1,0.1141,938171.0
99138,2,10,2,0,0.1235,2838326.0
67939,22,0,2,2,0.1678,187691678.0
37088,13,15,0,2,0.0914,24689583.0
81318,12,15,2,0,0.1191,51863306.0
15020,10,15,2,2,0.1613,7605068.0
8420,19,15,1,1,0.1015,18119156.0
90059,15,5,0,2,0.085,43742469.0
34637,17,15,1,1,0.1083,54996943.0
40210,21,10,2,2,0.167,165261181.0
32453,6,0,1,2,0.1438,3720711.0
10275,27,15,2,0,0.1177,101682940.0
31052,5,0,1,0,0.0796,2294050.0
97597,21,5,0,1,0.0704,84646665.0
34741,28,0,1,0,0.1101,78415389.0
32613,26,5,1,1,0.1004,74230548.0
92337,13,5,1,2,0.1389,50369897.0
49162,27,0,1,1,0.1234,127970273.0
96766,14,15,2,1,0.1364,104890958.0
33199,29,10,1,1,0.103,195366219.0
18572,24,0,0,1,0.0757,15171655.0
6147,14,10,1,0,0.0935,3699339.0
4443,15,0,0,1,0.0769,1506140.0
95521,16,10,1,2,0.1507,129129402.0
72220,10,0,2,2,0.1617,21635378.0
14595,1,10,0,2,0.0781,182727.0
67857,24,10,0,2,0.0907,173691083.0
15810,29,0,1,1,0.1124,42005232.0
7740,11,0,2,1,0.1527,2652804.0
33712,7,5,2,1,0.138,5418056.0
6468,17,10,0,0,0.0459,4307730.0
80054,25,0,1,1,0.0963,100535478.0
13704,28,15,2,0,0.1255,176701800.0
66974,4,15,2,1,0.1735,5645937.0
66700,29,5,2,1,0.1378,436733881.0
6678,7,15,1,1,0.1145,1279795.0
65882,3,0,1,1,0.1045,2795815.0
57987,24,10,0,1,0.0572,102867726.0
37105,20,0,1,1,0.1143,34350251.0
18371,14,15,2,2,0.1603,23588009.0
36297,18,15,0,0,0.04,42057718.0
87532,18,0,1,1,0.1261,72082074.0
29753,24,5,2,1,0.1442,103662938.0
86765,24,0,2,2,0.1607,296444214.0
6756,1,5,0,1,0.0658,84020.0
41873,6,15,0,1,0.0741,5387419.0
61630,9,10,1,0,0.0945,14949920.0
25603,25,10,1,1,0.114,100959701.0
24308,2,0,0,1,0.0807,635045.0
32256,8,5,0,2,0.103,5603479.0
56814,24,15,2,1,0.1601,559333239.0
33961,20,10,1,0,0.0816,45786718.0
91703,4,0,2,1,0.1343,5850086.0
52641,21,0,0,0,0.0536,24559638.0
27433,27,15,0,2,0.0822,183247427.0
30731,10,15,0,2,0.0838,10679842.0
7401,23,0,1,1,0.1148,10023842.0
19445,1,0,0,0,0.059,240934.0
76418,11,0,0,2,0.1028,18737631.0
62012,9,5,1,0,0.0881,12191992.0
72819,19,15,0,1,0.0746,126574798.0
26970,11,0,1,2,0.1324,8049307.0
63890,4,15,0,1,0.0702,4376967.0
12360,23,0,1,0,0.0818,10084771.0
55613,5,0,1,0,0.0806,4119799.0
65357,21,0,1,2,0.1367,94914728.0
33235,17,15,1,0,0.0817,43299315.0
82395,18,0,2,1,0.1222,64771567.0
74135,5,0,1,2,0.1297,6281347.0
11428,18,15,1,2,0.1446,29719786.0
48185,17,0,1,1,0.0821,21394686.0
70419,26,10,1,0,0.0871,224859969.0
86171,3,10,0,1,0.0768,3840939.0
38821,11,0,0,1,0.0518,6914845.0
49001,17,5,1,1,0.1079,38517473.0
78660,26,15,1,2,0.1186,665445983.0
85934,8,0,2,0,0.1099,13252284.0
94598,24,15,1,0,0.086,408769030.0
40633,8,5,1,1,0.0988,6933312.0
89392,23,5,1,1,0.0979,137040365.0
15407,23,15,0,1,0.0694,48960876.0
19080,2,5,1,2,0.1523,550578.0
74860,25,5,1,1,0.1176,197021322.0
8407,7,15,2,1,0.1501,1823642.0
41013,21,5,0,1,0.078,38795884.0
38433,20,10,2,1,0.133,88150712.0
64948,24,0,1,1,0.1131,96735517.0
5220,21,10,2,1,0.151,17533893.0
63474,6,10,1,0,0.0983,7814261.0
78267,20,0,1,1,0.1119,70168526.0
77716,18,10,0,1,0.0752,74763764.0
23554,28,0,2,1,0.1646,167683908.0
79030,7,0,1,1,0.1184,10363846.0
78021,28,15,2,1,0.1368,1170323250.0
66847,18,0,0,1,0.0693,28729583.0
93541,27,0,1,2,0.1195,225530748.0
27361,12,5,0,1,0.0935,9153031.0
82103,7,5,2,1,0.156,14153268.0
16980,7,10,2,0,0.1208,2911518.0
88474,1,0,2,1,0.1618,1159500.0
51748,29,0,1,2,0.1363,230176417.0
66657,10,15,1,1,0.1057,25639298.0
34518,10,0,1,1,0.1191,7975358.0
50257,12,15,0,1,0.074,25017459.0
7934,3,0,2,0,0.1284,349899.0
75787,3,5,2,1,0.1263,3486194.0
96781,13,5,2,1,0.1319,50058229.0
78895,13,5,0,1,0.0849,28949166.0
13855,27,10,1,2,0.1469,121029677.0
18628,6,0,0,1,0.0842,1749215.0
91187,27,5,2,1,0.1622,706077934.0
24249,3,15,2,1,0.1458,1256285.0
37050,28,5,0,2,0.0951,97337483.0
3275,15,0,1,1,0.1009,1379762.0
86728,9,5,1,0,0.0842,16739302.0
1765,21,0,2,1,0.1201,2013157.0
54734,6,0,0,1,0.0668,4857938.0
84417,6,5,1,0,0.0694,8482369.0
96037,8,15,0,0,0.0608,19534233.0
38834,26,10,2,0,0.1239,203522866.0
99793,11,0,2,2,0.1397,31297390.0
27999,19,10,2,1,0.1381,57331316.0
40142,16,5,2,1,0.1597,45138848.0
78419,9,0,1,1,0.1087,14401514.0
10295,23,0,2,1,0.13,17841691.0
94393,11,5,1,1,0.0921,26701723.0
57929,16,10,1,1,0.0924,47693586.0
30867,29,15,0,0,0.0554,215440540.0
7286,6,5,2,1,0.1357,903666.0
27290,27,5,1,1,0.1065,77275776.0
5149,17,15,0,1,0.0657,6003820.0
60587,16,15,0,1,0.0686,60692699.0
68881,20,15,2,1,0.1277,224120008.0
22933,21,15,2,1,0.1432,104904695.0
75306,28,5,0,1,0.0558,106972702.0
19082,18,15,1,0,0.0824,29714801.0
11863,1,10,2,1,0.1501,154479.0
7984,18,15,0,2,0.0938,13552005.0
56189,8,0,0,2,0.0969,8165329.0
94039,26,0,1,2,0.1515,370495008.0
39024,22,15,1,0,0.0894,125824386.0
50430,10,5,0,0,0.0502,9704858.0
68004,2,5,1,1,0.1074,1871027.0
10132,9,10,2,0,0.1156,2706095.0
36086,24,5,0,0,0.04,29518209.0
15462,4,10,1,1,0.1108,1073261.0
47349,11,10,1,1,0.1136,18869355.0
23323,10,10,1,1,0.1141,7633570.0
19167,14,15,1,2,0.1306,19971600.0
11067,7,5,0,0,0.0593,1327273.0
56782,19,0,1,0,0.0903,34398997.0
62987,6,10,2,0,0.1159,8183414.0
4226,16,0,2,2,0.1507,3402062.0
78456,19,10,0,1,0.0545,72673608.0
26561,26,5,0,0,0.0646,35584047.0
37738,29,15,2,0,0.113,489740713.0
76794,19,10,2,1,0.1307,145473422.0
32655,13,10,0,1,0.0658,13953309.0
19854,12,0,2,2,0.1572,8469367.0
56046,27,15,2,1,0.1564,923788388.0
49675,25,5,0,0,0.0467,48038995.0
86714,22,10,0,2,0.1163,225623285.0
85811,15,5,1,1,0.1106,51666925.0
76411,8,15,1,1,0.1306,20241043.0
45133,4,0,2,1,0.1489,2973770.0
36915,20,15,0,2,0.0936,88382171.0
64388,8,15,1,0,0.1058,15485541.0
78789,23,15,2,1,0.1512,575142346.0
29737,21,15,2,0,0.1263,114538535.0
8901,16,5,2,2,0.1832,12761202.0
84094,16,5,2,1,0.135,74030698.0
85869,2,0,0,0,0.0401,2149075.0
11001,22,10,2,1,0.1332,35107255.0
91548,17,10,1,1,0.1275,119796374.0
95997,23,15,0,2,0.1045,421430500.0
32811,25,15,2,1,0.1347,283179285.0
99538,5,5,1,2,0.1065,8652245.0
96946,5,10,1,1,0.1079,9254538.0
60489,12,0,0,0,0.04,11193505.0
38896,7,15,0,2,0.0851,6751552.0
96134,5,5,0,1,0.0595,7395804.0
61919,26,15,1,1,0.0939,398516716.0
41927,28,15,1,2,0.1488,744075202.0
99530,28,5,2,1,0.1332,516645078.0
96984,4,10,0,0,0.0641,6124624.0
33330,17,10,0,2,0.0878,30798639.0
72696,6,15,0,1,0.0587,8956944.0
44570,14,10,0,1,0.0751,23653958.0
27851,9,5,1,0,0.0861,5424147.0
22185,4,10,0,1,0.0679,1411693.0
76543,26,15,1,1,0.1114,596256531.0
71893,11,15,1,1,0.1019,33749990.0
57700,20,5,0,1,0.0538,37753674.0
84330,21,15,1,2,0.1295,335164563.0
71300,16,10,1,1,0.1196,73358785.0
81125,16,5,0,1,0.061,36690651.0
61723,16,15,0,2,0.0915,72184987.0
11037,6,5,2,1,0.1551,1459119.0
35105,15,5,1,1,0.1091,20860043.0
6420,3,10,1,1,0.1109,301555.0
83037,9,10,2,1,0.1406,24950954.0
10779,1,0,2,1,0.1332,139069.0
12444,11,5,0,1,0.0601,2924260.0
91654,22,10,2,1,0.1301,281412792.0
68062,6,15,0,0,0.0537,8269573.0
45527,24,0,0,2,0.0976,52508264.0
73623,5,0,0,2,0.0981,5718220.0
9793,25,15,1,1,0.1062,61035178.0
37382,25,10,1,0,0.1009,124292157.0
3149,28,5,0,1,0.0731,5795663.0
86221,18,0,2,1,0.1407,84837556.0
42347,21,15,1,2,0.0966,123273867.0
53832,12,15,1,1,0.1018,31137084.0
92714,7,15,2,0,0.1048,17190259.0
80551,2,15,1,2,0.1363,2389253.0
20666,7,0,2,1,0.141,2967173.0
3696,9,5,2,1,0.1293,889241.0
33173,24,10,1,0,0.093,87322502.0
13626,26,15,2,2,0.1458,161648662.0
48287,25,15,2,0,0.1096,312019271.0
54303,20,5,0,1,0.0629,39029264.0
81850,8,5,0,1,0.0754,12655599.0
45793,9,10,1,2,0.144,13989268.0
32291,10,0,2,0,0.1141,7246087.0
47207,12,5,1,1,0.1232,19269034.0
34484,2,0,1,0,0.0905,910315.0
88765,10,0,0,2,0.0924,17542490.0
6758,3,15,2,1,0.1394,346684.0
65495,1,0,1,1,0.108,833482.0
33251,17,15,1,0,0.0944,47513220.0
53807,26,15,0,1,0.0774,293549983.0
98369,22,10,0,1,0.0612,141873755.0
77719,1,0,0,1,0.0681,967760.0
81616,5,5,1,2,0.1467,7901483.0
52774,14,5,2,0,0.1218,29824135.0
75615,6,5,0,1,0.0729,7679511.0
87262,9,10,0,2,0.1017,21865094.0
52641,22,15,2,2,0.155,331825102.0
19306,14,15,1,1,0.1097,17493884.0
72814,4,5,1,1,0.1182,4797755.0
58267,1,15,2,1,0.1524,759694.0
58201,6,15,0,0,0.04,6808947.0
37797,7,10,2,0,0.1126,6292480.0
4063,21,0,1,1,0.1,3489061.0
44147,6,0,1,2,0.1288,4808957.0
59827,26,10,0,0,0.0408,113465313.0
70428,24,10,0,0,0.0566,124245324.0
84657,1,15,2,1,0.1417,1097350.0
21604,8,10,1,0,0.0989,4312574.0
27484,12,15,1,1,0.1195,17568511.0
43330,29,0,2,0,0.1268,156528388.0
60321,11,10,0,0,0.0466,16796991.0
50127,2,15,1,1,0.111,1448443.0
16828,2,0,1,2,0.1254,461104.0
5957,24,0,0,1,0.0564,3638249.0
19671,2,5,1,2,0.1395,559988.0
59580,8,0,0,1,0.0692,7654378.0
97839,21,10,2,2,0.145,305313936.0
59550,25,10,0,1,0.0754,145425519.0
75232,25,15,0,2,0.0878,387961369.0
79348,24,10,2,1,0.1194,289915633.0
76131,25,0,1,1,0.0963,95567648.0
76495,7,15,1,1,0.103,14097375.0
16383,16,0,0,1,0.0721,5921702.0
9892,24,5,0,0,0.0579,10027925.0
28780,22,15,2,2,0.1675,210153439.0
95257,9,5,2,1,0.146,24951952.0
20389,16,15,1,1,0.1097,27144917.0
46081,2,10,1,0,0.1072,1296977.0
97905,3,0,2,0,0.127,4308093.0
99314,2,15,0,1,0.0722,2757320.0
14095,22,10,2,1,0.1457,52622237.0
71757,19,10,1,2,0.126,129397904.0
27634,27,10,0,0,0.0494,64229374.0
49239,17,5,2,2,0.1392,53232475.0
4677,20,10,1,1,0.1061,8038910.0
44779,21,15,0,2,0.1076,144053173.0
48873,12,5,0,0,0.0515,12555519.0
92084,11,0,0,1,0.0711,18459941.0
73870,20,10,0,1,0.08,98048809.0
45752,22,15,0,1,0.0736,128550339.0
60798,19,15,2,0,0.1121,143217460.0
38932,26,5,0,1,0.0702,56437522.0
75569,6,0,2,0,0.1086,7693865.0
66820,10,5,0,1,0.0718,14364362.0
88651,14,10,1,1,0.1016,56470363.0
57763,1,0,0,1,0.0793,723657.0
85355,15,0,2,2,0.1549,60684484.0
41291,6,0,1,1,0.1018,4108668.0
79248,13,5,1,1,0.1089,34523290.0
33297,24,15,2,1,0.1437,267350400.0
31591,26,5,1,1,0.0979,69149634.0
23968,14,15,2,2,0.1548,29575626.0
25475,13,5,0,2,0.0911,9762319.0
54603,24,15,0,2,0.1034,280016333.0
20350,16,15,2,2,0.1347,32766793.0
98020,1,0,0,2,0.0962,1239337.0
74291,14,15,1,1,0.1062,65812515.0
99857,13,10,0,2,0.0851,48096518.0
83187,23,10,0,2,0.0832,171167383.0
80739,10,15,1,0,0.0864,28386356.0
24519,10,15,1,0,0.0962,9021037.0
67776,28,15,0,0,0.0446,371648235.0
70695,4,15,0,2,0.1066,5203279.0
85409,14,0,0,1,0.0762,25675522.0
11780,12,10,2,0,0.122,5992797.0
9661,22,0,2,1,0.1383,16628062.0
29512,6,10,0,0,0.0619,3259503.0
19403,15,15,0,2,0.1034,20454627.0
43983,5,10,1,2,0.1184,4312495.0
43549,10,10,0,2,0.083,12187137.0
96085,9,5,0,0,0.0563,16287395.0
49719,27,5,2,2,0.1694,442470397.0
71849,10,15,2,1,0.137,32163415.0
76788,24,0,2,1,0.1326,159332950.0
70853,12,5,1,1,0.1108,26581122.0
26456,22,15,0,1,0.0848,81853895.0
59095,4,0,2,2,0.1604,3993988.0
9461,29,5,1,1,0.0974,28936497.0
28945,4,10,0,2,0.0911,1929859.0
47690,13,5,0,1,0.0778,16661216.0
71363,25,15,1,1,0.109,458255615.0
89907,14,5,0,1,0.0826,37375964.0
79439,12,5,1,1,0.1187,31430625.0
20887,13,0,1,2,0.1294,8474671.0
95072,20,0,2,1,0.1404,125906736.0
31103,13,10,1,1,0.0916,15620025.0
80936,23,15,2,2,0.1721,763829107.0
35843,22,10,0,1,0.0667,54565425.0
51464,2,10,2,0,0.116,1461834.0
80726,21,5,1,1,0.1045,104930666.0
85204,19,10,2,1,0.1446,187042313.0
32869,9,0,0,2,0.0787,5175386.0
48852,10,10,2,0,0.1102,15668016.0
46301,17,15,0,1,0.0695,55393551.0
48491,10,10,1,0,0.0837,13620507.0
48369,20,15,2,0,0.1234,150997985.0
75531,13,15,0,1,0.0641,43100157.0
48331,20,10,0,0,0.066,56344597.0
29911,25,10,2,1,0.1469,188013314.0
7521,1,10,2,1,0.1468,97761.0
40123,2,15,2,0,0.114,1162865.0
53871,17,0,2,1,0.1641,59753729.0
32514,13,5,2,0,0.1156,14883770.0
38539,17,10,0,2,0.0829,34195363.0
36464,28,5,1,0,0.0971,99083527.0
46226,13,10,0,0,0.052,18172848.0
47231,17,15,2,1,0.1318,90460479.0
72332,19,15,2,2,0.182,333653104.0
34576,27,5,1,2,0.1398,175601622.0
4293,14,0,2,1,0.14,2241563.0
4459,20,15,1,0,0.114,12768737.0
19803,10,5,2,1,0.1481,6473977.0
70760,2,15,0,2,0.0899,2000501.0
8571,14,10,1,1,0.1328,6861264.0
89283,17,5,0,1,0.0766,52141433.0
26772,5,5,2,0,0.1262,2452278.0
54719,22,10,0,0,0.0461,68584391.0
15171,18,5,0,1,0.0705,9426843.0
76253,3,10,0,0,0.0459,3243494.0
81947,16,0,1,0,0.1044,40626174.0
72773,26,10,1,0,0.0739,197990583.0
10236,19,0,1,1,0.1237,9388452.0
44113,18,5,0,0,0.0412,20946393.0
47927,20,10,0,1,0.0694,57661500.0
39087,5,5,2,2,0.157,3892346.0
19251,8,0,1,0,0.0848,2650225.0
88321,6,15,2,1,0.1469,14074068.0
91723,15,15,0,2,0.0899,88396481.0
14850,25,15,1,1,0.1033,89749488.0
86236,3,15,2,0,0.1215,4304961.0
47003,26,15,0,0,0.043,189372587.0
84518,9,0,0,1,0.0646,12404062.0
5949,27,15,0,1,0.055,30762495.0
31581,11,15,1,0,0.0855,13649071.0
73108,20,5,1,2,0.1349,120901250.0
27553,24,10,2,1,0.1404,133640573.0
30733,26,10,0,1,0.0882,99413151.0
79125,23,10,1,2,0.1561,403805770.0
50790,14,10,1,0,0.0854,28890464.0
76650,23,0,0,1,0.0617,46705060.0
1645,9,10,0,0,0.0613,344758.0
72420,10,5,2,1,0.1434,23035285.0
24052,15,0,2,0,0.1314,13543134.0
78997,18,15,2,1,0.144,204395185.0
27574,21,5,1,0,0.0881,29349977.0
83009,19,5,1,1,0.1081,86356915.0
48471,7,15,1,0,0.0943,8676704.0
48904,19,15,1,0,0.0879,94226927.0
81957,5,5,1,0,0.1022,7044471.0
60710,21,0,0,0,0.04,23995821.0
99854,18,15,2,1,0.1521,278348718.0
6224,27,10,2,2,0.1413,49604847.0
47318,1,5,2,2,0.1615,620007.0
39349,12,5,2,2,0.1567,20319293.0
62566,6,15,0,0,0.04,7319609.0
54330,13,15,1,0,0.0694,31920235.0
10435,17,10,1,1,0.099,10600613.0
70015,9,10,1,2,0.1305,20050776.0
75673,26,10,2,1,0.134,460138533.0
59984,21,10,2,1,0.1296,155852753.0
93064,1,5,0,0,0.0635,1155950.0
36401,12,15,0,0,0.04,15261841.0
70037,24,0,1,1,0.1168,110967660.0
1889,1,15,1,1,0.1011,23949.0
9765,4,15,1,0,0.0788,680309.0
57398,7,10,1,2,0.124,9954041.0
15197,20,10,1,2,0.1362,36117242.0
37928,28,5,1,2,0.1163,144222512.0
37819,5,10,2,2,0.1629,4164959.0
52382,23,5,0,0,0.0404,39446945.0
55337,20,15,0,2,0.0822,120530603.0
65322,5,15,2,1,0.144,7464353.0
57527,7,15,1,2,0.1517,12551124.0
72733,17,5,1,0,0.0809,44189739.0
80068,12,5,1,1,0.1172,31366945.0
3283,15,5,0,0,0.0469,1183445.0
38752,3,10,0,0,0.0453,1646763.0
83531,17,0,1,2,0.1407,70525374.0
65446,14,10,1,2,0.1216,48163631.0
58781,15,0,2,1,0.1285,32178356.0
98259,15,10,1,1,0.1146,81775978.0
40605,15,15,2,1,0.1559,62746307.0
90026,19,5,1,1,0.1175,104141447.0
47500,11,10,1,2,0.1159,19187343.0
9715,18,5,1,1,0.1038,8423934.0
63906,21,10,2,1,0.1498,211552901.0
81275,10,15,2,2,0.1758,44375934.0
23870,21,5,2,1,0.1423,50747137.0
33341,26,15,0,1,0.0642,160892769.0
30471,9,0,0,2,0.1065,5529813.0
12590,24,5,1,2,0.1293,34675827.0
19645,3,10,2,2,0.1539,986877.0
2023,1,5,2,1,0.1323,26087.0
92691,21,0,1,1,0.098,77463821.0
25897,11,0,1,0,0.1183,7033561.0
16437,16,10,1,0,0.1042,14875359.0
77854,3,15,1,1,0.1034,3781166.0
44791,21,5,2,0,0.1373,89037667.0
32575,9,15,0,1,0.0753,8777300.0
49198,11,15,2,2,0.1647,32472437.0
62619,17,10,0,2,0.0828,55542689.0
11619,1,5,1,0,0.0849,146006.0
61324,9,0,0,1,0.0696,9224050.0
21141,3,10,2,2,0.1403,1039619.0
67820,28,15,2,1,0.1351,993827621.0
29094,10,0,2,2,0.16,8627955.0
15466,5,15,2,2,0.1731,1903732.0
39121,25,5,2,1,0.1338,133820291.0
67439,11,15,2,1,0.1481,40531066.0
43137,5,0,1,1,0.0894,3272609.0
17365,12,5,0,1,0.0817,5382826.0
88930,14,10,1,1,0.101,56397555.0
16971,12,15,0,2,0.0913,9265347.0
44475,19,5,0,2,0.0941,39649638.0
32359,9,5,0,1,0.0721,5899706.0
34180,28,10,2,2,0.1589,432844938.0
73175,7,10,2,1,0.1276,12858260.0
31212,16,0,2,2,0.1511,25228787.0
52567,28,5,0,0,0.06,79370298.0
85506,28,5,0,1,0.064,137114676.0
32356,7,0,0,1,0.069,3501025.0
22955,14,15,1,1,0.0951,18951553.0
27140,8,5,2,0,0.1286,5271703.0
58824,27,5,2,2,0.1468,340332531.0
40325,21,15,2,1,0.1492,196603765.0
77003,18,10,1,2,0.1194,110331411.0
56432,27,10,1,1,0.1201,324497658.0
78568,25,10,1,0,0.0901,228298402.0
81662,3,0,0,1,0.0644,3250911.0
69418,27,15,1,2,0.146,989291573.0
45703,2,10,0,1,0.0693,1236633.0
13805,26,0,0,0,0.0464,8361666.0
5400,26,15,2,2,0.1691,88399145.0
42614,5,10,2,0,0.1052,4039584.0
93089,8,5,1,1,0.0847,14966015.0
83100,19,5,0,1,0.0816,64883933.0
21509,22,10,0,1,0.0616,31166374.0
67300,9,10,0,1,0.0786,15210787.0
21519,2,0,2,2,0.1605,612319.0
64674,15,5,2,2,0.1484,54502868.0
77094,8,15,2,1,0.1461,21726831.0
17175,10,10,2,1,0.1359,6300817.0
61642,7,15,2,0,0.1092,11602250.0
61123,19,10,2,0,0.1095,93271925.0
27947,1,5,1,1,0.0927,352684.0
15214,22,10,1,1,0.114,38531766.0
87958,2,15,1,0,0.0806,2463227.0
73335,3,5,1,1,0.1097,3285699.0
98557,28,10,0,1,0.0682,319192178.0
81045,14,5,2,2,0.1506,58227291.0
10974,15,0,2,1,0.1248,5796978.0
30356,21,15,1,1,0.1353,128024621.0
51216,14,10,0,1,0.0695,26194441.0
19840,27,10,1,1,0.1282,128897733.0
51498,8,10,2,1,0.1516,12804244.0
60571,18,15,1,1,0.1068,113984997.0
7997,22,0,0,1,0.0718,5150585.0
75910,17,15,2,1,0.1415,157681165.0
37900,7,10,0,2,0.1084,6215745.0
3453,20,15,1,1,0.1183,10284100.0
1538,1,10,2,1,0.1319,19830.0
77151,9,15,0,2,0.0935,22417696.0
31593,9,5,0,0,0.058,5397117.0
3303,11,15,0,1,0.0582,1251004.0
56573,19,10,2,2,0.1649,155796731.0
59384,6,10,2,1,0.1535,8677507.0
51543,7,15,1,1,0.1014,9448859.0
85092,29,15,1,1,0.1028,974927172.0
36027,15,5,2,0,0.1316,26074397.0
73151,20,0,0,1,0.0665,36710922.0
32468,6,0,2,0,0.1102,3322584.0
55686,9,5,2,1,0.1488,14797335.0
75227,15,0,2,1,0.1458,48814049.0
64175,26,0,2,1,0.1409,205718066.0
90268,22,10,1,1,0.1212,248949489.0
24940,23,10,1,0,0.102,63470934.0
37481,6,10,0,1,0.0692,4229239.0
70240,7,15,2,1,0.1597,15769036.0
34978,17,15,2,0,0.1358,69264237.0
15211,6,0,1,2,0.1102,1556485.0
49866,28,15,1,1,0.0997,470092406.0
37513,9,10,2,1,0.1174,10107031.0
76714,27,15,1,0,0.0868,536805957.0
90711,3,0,2,0,0.1079,3870350.0
84411,14,10,0,1,0.0619,41066755.0
16816,6,0,0,0,0.0609,1464563.0
33441,4,15,0,0,0.04,2161253.0
95382,16,5,2,1,0.1413,89278013.0
16620,23,5,1,2,0.1312,40852967.0
23844,16,10,0,1,0.0692,16417477.0
53200,23,0,2,2,0.1613,155860248.0
32589,29,5,0,0,0.04,40245314.0
46986,9,5,0,0,0.0419,7460367.0
53086,4,10,1,0,0.1054,3644253.0
72646,8,10,2,2,0.148,17784776.0
95476,24,0,1,1,0.1267,178923233.0
35585,8,5,1,1,0.0959,5998899.0
73149,24,0,1,1,0.0947,80572052.0
38087,6,0,0,1,0.0605,3312626.0
8231,8,10,0,1,0.0813,1531636.0
12214,6,0,0,1,0.0645,1076246.0
69413,26,15,2,2,0.1635,1048454510.0
98743,14,0,1,1,0.1107,39735627.0
2147,14,5,0,1,0.0695,809521.0
50389,18,0,1,1,0.1227,39854106.0
8609,13,15,1,2,0.1377,7614611.0
10737,15,15,1,1,0.0986,10958080.0
37751,3,5,1,0,0.0872,1632934.0
41902,6,5,1,2,0.1474,5401704.0
6606,23,0,0,1,0.0732,4747374.0
59330,20,15,2,2,0.1449,228477638.0
51775,17,15,2,1,0.1256,94268188.0
45686,20,0,2,1,0.1489,68184968.0
49581,16,5,2,0,0.127,40413977.0
50874,6,15,1,1,0.1008,7068336.0
2095,8,0,0,1,0.0775,279187.0
86747,29,5,0,1,0.086,217902239.0
66262,28,0,1,1,0.1246,200843990.0
87205,13,5,1,2,0.146,50287100.0
83915,29,5,0,1,0.0756,177205165.0
23065,13,15,0,0,0.0482,12085531.0
49844,20,10,2,2,0.156,148839221.0
38429,26,15,2,1,0.1398,421965276.0
82717,17,0,2,1,0.1312,62680389.0
85703,21,5,0,2,0.0864,89457843.0
11087,23,15,2,0,0.1328,65470258.0
6682,22,5,0,0,0.04,4583598.0
39729,3,15,0,1,0.0546,1793425.0
87688,13,0,1,0,0.0983,27742131.0
60460,7,0,0,2,0.0865,6996507.0
74088,20,0,1,2,0.1107,65365336.0
58398,5,15,1,1,0.1094,6120251.0
17468,11,10,0,2,0.088,6039014.0
91067,23,0,0,0,0.0457,44522403.0
73620,18,15,2,1,0.1469,195505578.0
44848,4,10,0,2,0.0767,2904285.0
20163,20,15,2,2,0.1601,90835065.0
72591,22,15,2,1,0.1379,378158061.0
69205,28,0,0,0,0.0504,51089576.0
78564,27,10,2,0,0.1027,351546389.0
67544,7,15,1,1,0.1048,12522791.0
52516,4,15,1,1,0.1102,3893192.0
16523,10,15,0,0,0.0554,5060838.0
46307,1,15,0,1,0.0885,583044.0
3199,17,0,0,2,0.0981,1681538.0
37207,5,15,1,1,0.1146,3950059.0
85833,17,10,2,0,0.1327,117853489.0
71231,3,5,1,2,0.127,3280014.0
2006,9,10,2,1,0.1555,648095.0
8114,3,15,2,2,0.1712,437217.0
96331,3,15,0,0,0.0455,4290658.0
84063,29,10,0,1,0.0892,405453919.0
15027,9,5,0,1,0.0745,2770259.0
94332,5,0,1,1,0.1319,8042706.0
94990,28,5,1,1,0.113,340743775.0
78977,24,5,1,0,0.0844,113062330.0
31189,10,5,0,1,0.0623,6383152.0
1181,15,10,0,1,0.0664,688311.0
13812,25,5,2,0,0.1143,34519803.0
23716,12,0,2,2,0.1727,11414003.0
41218,6,15,0,2,0.0897,5545986.0
27633,7,10,1,2,0.1139,4620649.0
11939,7,10,0,1,0.0721,1724275.0
11072,23,5,1,0,0.0913,15519212.0
75382,4,15,0,1,0.0653,5115618.0
70222,29,15,0,2,0.0927,715643317.0
96534,13,15,2,0,0.1196,76128469.0
27775,15,10,1,1,0.1163,23432513.0
85751,18,0,1,1,0.1157,62405512.0
94520,18,15,0,0,0.0536,119888265.0
91833,7,10,2,1,0.127,16103198.0
53400,10,5,0,2,0.1112,14173315.0
32619,16,15,0,1,0.0544,29849388.0
30552,23,5,1,1,0.1087,54318456.0
63017,26,15,0,1,0.0591,290506293.0
25885,23,5,2,0,0.124,57190971.0
83945,29,10,0,1,0.0714,318759887.0
70948,8,5,2,2,0.1583,15747647.0
47075,19,10,1,1,0.1252,84163104.0
86563,29,5,1,1,0.1211,409416069.0
75095,11,5,0,1,0.0667,18325157.0
5650,21,5,2,1,0.148,12995165.0
77380,6,15,1,1,0.1256,11567474.0
18633,29,0,2,2,0.171,181152506.0
38343,24,0,1,1,0.1086,53011841.0
97029,24,15,1,2,0.1141,556593569.0
24831,10,5,2,2,0.1632,8867578.0
62439,19,5,2,2,0.1667,130607026.0
37877,28,15,2,2,0.1523,706942459.0
48131,14,10,1,1,0.1102,32604956.0
46197,20,10,2,1,0.1392,113538548.0
62035,6,15,0,1,0.0839,8208252.0
58121,4,0,2,1,0.1585,3911854.0
2782,26,10,1,2,0.1418,19035514.0
87488,20,15,2,0,0.1191,262612089.0
96755,15,10,2,0,0.1315,92123441.0
43167,5,15,2,2,0.1665,5223788.0
5412,16,10,0,0,0.0493,3225447.0
96592,26,10,1,0,0.1109,421584811.0
95652,7,15,0,1,0.0626,15430556.0
60687,28,0,0,2,0.096,103658065.0
48855,2,0,1,1,0.1184,1328683.0
97169,13,10,1,2,0.1271,61873488.0
81134,2,10,2,0,0.1256,2327875.0
59190,28,0,1,2,0.1395,244906393.0
11616,26,15,2,1,0.1424,131944198.0
38448,9,5,0,0,0.0547,6469227.0
65579,20,10,2,1,0.1411,164660335.0
34238,5,5,1,0,0.098,2910392.0
13101,3,10,2,1,0.1377,641600.0
76822,2,0,0,1,0.0669,1977839.0
53281,14,15,1,0,0.0902,42671946.0
51465,26,10,1,2,0.1418,352601551.0
12070,8,5,2,1,0.1225,2282767.0
29091,20,0,2,2,0.1509,44673228.0
56698,12,10,2,2,0.1828,43161639.0
59431,17,15,0,0,0.0528,63590738.0
41702,29,10,0,1,0.0659,147823632.0
47739,16,15,1,1,0.1179,67590352.0
47707,6,15,1,2,0.1221,7057917.0
62025,6,0,0,2,0.069,5544029.0
22742,18,10,2,1,0.1435,41386929.0
34050,2,15,2,0,0.1127,985570.0
41377,8,0,0,1,0.071,5359220.0
65811,27,10,2,2,0.1633,756298819.0
80964,23,15,0,1,0.0714,261763123.0
3733,14,0,2,2,0.1429,2000715.0
70603,2,10,2,1,0.1403,2057176.0
85277,26,15,1,0,0.0944,551962725.0
12127,17,0,2,2,0.146,10882871.0
13010,27,0,2,2,0.1448,52086096.0
37006,24,10,0,0,0.04,55462115.0
76500,16,0,0,0,0.0575,24116082.0
29653,26,10,0,1,0.05,61839520.0
25373,18,10,0,2,0.0983,29873949.0
8210,21,15,2,1,0.1439,37857515.0
67323,6,10,0,0,0.0474,7128510.0
25618,26,0,1,1,0.0952,35045415.0
16060,17,10,0,1,0.062,12076179.0
46256,18,15,2,1,0.1478,123920235.0
94054,14,0,1,1,0.1226,41988557.0
66243,10,15,2,2,0.1497,31602785.0
23168,4,5,1,1,0.1214,1537099.0
54473,18,15,1,1,0.1169,111347075.0
29481,11,5,1,1,0.1099,9281175.0
87648,22,5,2,1,0.1326,189837867.0
72176,16,10,1,1,0.1042,65306217.0
4410,4,0,2,1,0.1582,296613.0
35126,27,10,1,1,0.1118,178738914.0
92316,19,0,0,2,0.1033,65534927.0
77721,6,15,0,2,0.0924,10539480.0
82167,25,5,1,1,0.1055,179220481.0
44201,8,5,1,2,0.1358,8866379.0
17921,18,5,0,2,0.1116,16853668.0
95123,19,15,0,2,0.0836,177124296.0
54020,18,15,2,0,0.1291,122565972.0
38344,16,10,0,1,0.0719,26945300.0
21909,26,10,2,1,0.1255,117552690.0
20967,7,0,1,1,0.0953,2510426.0
8898,25,0,2,1,0.1355,22333697.0
51502,17,5,1,1,0.1135,42796141.0
42904,27,15,2,1,0.1488,635331945.0
80752,3,15,2,2,0.1443,4174045.0
27399,22,10,2,2,0.1665,134775121.0
29474,15,10,1,0,0.0888,20165940.0
78934,4,0,1,0,0.09,4574717.0
54459,26,0,2,1,0.1459,192185744.0
20309,16,10,1,1,0.1275,22340378.0
96194,14,10,2,1,0.143,83261017.0
42955,26,15,1,2,0.1164,354297906.0
90117,17,0,2,2,0.1581,93187371.0
33010,9,10,0,0,0.0585,6836315.0
15287,7,10,0,1,0.0789,2259532.0
23390,14,5,2,2,0.1667,19309207.0
9541,27,10,1,2,0.1249,58918182.0
18921,28,10,2,1,0.1263,138565202.0
44937,23,15,0,0,0.0559,127701087.0
52880,12,10,0,0,0.04,16673563.0
41149,17,0,2,2,0.1669,47230217.0
54498,9,5,0,1,0.0769,10163725.0
96774,12,15,2,1,0.1353,67832298.0
68902,12,0,0,0,0.0489,13513181.0
80030,8,5,1,0,0.092,13267053.0
40796,27,5,1,1,0.1039,110548461.0
44196,28,10,1,1,0.0962,206490356.0
63759,10,5,2,1,0.1396,19849702.0
77822,12,5,2,0,0.1207,31211426.0
7041,5,10,1,1,0.1236,699717.0
86521,20,15,1,2,0.1222,267149656.0
5174,1,10,1,0,0.1007,65581.0
63933,9,15,0,2,0.0785,17454112.0
34691,15,5,1,0,0.0766,15737142.0
89262,24,0,0,0,0.047,47644787.0
94374,29,15,1,1,0.1006,1053344422.0
4303,2,15,2,2,0.1464,128988.0
47653,4,15,1,1,0.1294,3671722.0
28177,4,15,0,1,0.0655,1912795.0
10890,29,5,1,1,0.1331,65019084.0
88500,23,0,0,0,0.0401,40131004.0
27806,3,15,1,0,0.0729,1289900.0
74136,16,0,0,2,0.1029,36208855.0
92980,8,5,0,0,0.0427,12582720.0
28230,27,15,1,1,0.1114,259148826.0
17466,7,0,1,2,0.1164,2272768.0
17476,26,15,2,0,0.1196,149613518.0
98557,12,15,2,1,0.1263,65510143.0
56912,12,5,2,0,0.1193,22610136.0
28732,4,15,0,0,0.0453,1875739.0
8375,15,0,0,0,0.0523,2292057.0
8837,25,0,2,1,0.1463,27062986.0
24108,6,5,2,1,0.1424,3056884.0
18851,3,10,1,1,0.1145,890469.0
27600,7,10,2,2,0.1589,5445360.0
16188,22,5,0,0,0.0456,11800210.0
45777,24,5,1,1,0.1147,101047501.0
6489,21,10,2,1,0.1389,18815400.0
85618,6,10,2,0,0.1193,11239563.0
75519,1,0,2,0,0.124,969451.0
99779,8,0,1,1,0.0997,14685243.0
9695,1,0,1,2,0.1443,125846.0
1230,16,10,1,2,0.1275,1353559.0
33103,3,5,2,0,0.1212,1510553.0
27350,28,15,1,2,0.1296,371978210.0
77818,2,0,1,2,0.1365,2157929.0
52408,6,15,1,1,0.1134,7555214.0
21354,8,5,1,0,0.0895,3502905.0
95338,24,10,0,2,0.1045,288221623.0
50535,7,0,2,1,0.108,6359009.0
12355,7,10,1,2,0.1424,2292447.0
31238,24,5,0,1,0.0792,41698466.0
18144,21,0,0,1,0.0516,8261137.0
71779,19,5,2,0,0.1293,95185144.0
86872,18,5,2,2,0.1706,158842749.0
51094,3,0,1,1,0.1156,2207317.0
84216,11,15,2,0,0.1044,40052368.0
11594,11,0,2,1,0.1468,3816798.0
85067,3,10,2,1,0.1501,4247477.0
92751,28,15,2,1,0.1343,1343561253.0
17992,23,0,1,1,0.1144,24236269.0
97059,1,0,0,1,0.0665,1207505.0
76978,23,0,2,1,0.1489,182456633.0
61436,22,0,0,0,0.0469,28399897.0
30893,27,0,0,1,0.0642,26899841.0
90236,10,10,0,0,0.0496,21528730.0
44388,2,5,2,0,0.1066,1220272.0
14042,26,10,2,1,0.1386,91576787.0
28577,17,5,1,1,0.1136,23780960.0
14494,9,0,2,0,0.1287,2957113.0
87811,18,10,2,1,0.1425,158090067.0
40248,20,5,2,0,0.1057,46561676.0
90425,9,5,0,1,0.0835,17397275.0
35762,25,0,1,1,0.1244,73370665.0
82709,28,0,0,1,0.0711,88204377.0
74304,11,15,1,1,0.1025,34989791.0
79045,17,15,2,1,0.1347,155033855.0
2011,14,5,2,1,0.138,1298741.0
89823,18,15,0,2,0.0928,151318045.0
98688,18,10,0,0,0.047,75552485.0
62382,12,5,0,0,0.0414,15087601.0
83608,18,10,1,1,0.1202,120784766.0
37836,8,15,0,1,0.0726,8033076.0
62557,29,10,2,1,0.1295,559576745.0
62613,8,5,1,1,0.1129,11355142.0
25281,26,10,1,1,0.1116,111403558.0
97574,28,5,2,2,0.1528,740338551.0
16948,8,15,0,1,0.082,3725191.0
24639,28,5,0,1,0.0713,44154465.0
11236,20,15,2,0,0.1178,33321211.0
25459,15,0,2,0,0.1192,12743810.0
65589,8,15,2,0,0.1244,16959403.0
91552,14,5,2,1,0.1393,59779315.0
26800,13,5,1,2,0.1292,13580621.0
31271,23,0,1,2,0.1407,64608060.0
96157,8,0,0,1,0.0558,11656878.0
5178,17,15,1,2,0.1175,8831582.0
98984,19,10,1,1,0.1178,164074865.0
14276,26,10,1,1,0.1342,87041862.0
15828,6,0,2,0,0.1288,1724171.0
7149,17,15,1,1,0.1286,13339793.0
93864,4,0,0,0,0.0457,4951617.0
84672,25,0,1,1,0.1036,120572067.0
30018,7,5,2,2,0.1646,5351407.0
54781,17,5,1,0,0.0995,39700232.0
32376,29,5,0,0,0.04,39982273.0
44962,28,0,1,0,0.0879,65588570.0
72452,22,15,0,1,0.0697,197135045.0
5546,22,10,2,1,0.1332,17693041.0
61560,28,10,0,1,0.0644,190404024.0
16361,18,5,0,1,0.0784,10977237.0
69895,6,15,2,1,0.1447,11063783.0
55165,10,5,0,1,0.078,12246297.0
78670,18,15,1,2,0.1334,185192734.0
96161,24,15,1,1,0.1013,482631642.0
41372,7,15,0,1,0.0742,6930300.0
37782,14,0,1,1,0.1005,13916872.0
1899,22,15,1,1,0.1069,7204553.0
97628,14,0,2,0,0.1096,38913709.0
99956,10,10,0,1,0.0639,25505809.0
1982,22,10,1,1,0.1109,4840831.0
99879,25,0,0,1,0.0654,75701823.0
75060,9,10,0,0,0.0412,14445809.0
70843,26,10,1,0,0.1014,271779824.0
73289,10,5,2,1,0.1388,22712033.0
44173,2,0,2,0,0.1147,1196635.0
98436,3,0,0,2,0.0792,4011498.0
41508,16,0,2,0,0.1013,19943492.0
83975,10,5,1,1,0.1078,21874699.0
39794,23,0,1,1,0.0962,40336742.0
21753,11,10,2,2,0.1671,11906221.0
70131,10,15,2,1,0.1403,31914253.0
21211,12,5,0,0,0.0656,5941137.0
28238,29,5,2,1,0.1422,202152724.0
85243,14,0,0,1,0.0627,22967526.0
47086,9,15,1,1,0.0912,13549295.0
68418,28,15,2,1,0.1481,1200894550.0
28639,13,15,0,0,0.04,14375710.0
80302,6,10,0,2,0.0859,9524103.0
67689,11,15,0,0,0.0667,26694175.0
58440,1,0,0,1,0.0761,730874.0
83196,27,10,1,2,0.1339,590045483.0
39172,15,15,2,1,0.1494,57582376.0
39060,7,0,0,1,0.0791,4392641.0
91443,11,10,2,0,0.1358,41443623.0
54350,17,10,2,2,0.154,91445409.0
77779,5,15,1,0,0.0862,7702762.0
53848,9,10,2,1,0.1308,15444212.0
86122,26,5,1,2,0.1297,316828417.0
52238,16,0,1,0,0.0887,22152763.0
17690,11,15,0,1,0.0525,6520314.0
7663,26,0,1,2,0.1235,17589751.0
7189,25,0,0,1,0.0844,7397220.0
21673,17,5,1,1,0.1124,17825187.0
4589,6,10,1,2,0.1372,636919.0
50007,15,5,2,1,0.1388,38613855.0
41104,29,5,0,1,0.0511,59490646.0
82017,3,10,2,1,0.1387,4022952.0
88028,28,15,1,0,0.1004,836665991.0
48310,9,0,0,0,0.04,6288703.0
3162,12,15,1,0,0.0975,1785468.0
81110,19,15,1,0,0.073,139237269.0
24093,18,5,2,0,0.1202,24847706.0
96400,16,10,0,1,0.0754,69574760.0
6167,8,10,0,0,0.0469,1004765.0
44743,19,0,0,2,0.1147,36632024.0
20525,5,10,1,2,0.1251,2047414.0
21987,12,15,0,1,0.0642,10404436.0
83074,6,10,1,1,0.112,10665755.0
70166,12,10,1,1,0.1025,31632004.0
9652,26,15,1,1,0.0956,63225017.0
91902,15,0,0,1,0.059,26635845.0
97572,10,0,2,2,0.1676,30331989.0
53861,17,15,1,0,0.087,72881996.0
68403,7,10,2,1,0.157,13400305.0
27264,27,10,0,1,0.0656,75981253.0
1576,7,0,0,1,0.0771,175905.0
73799,21,0,0,0,0.0551,35077749.0
4764,25,0,0,1,0.0654,3611564.0
60887,11,5,0,1,0.0612,14400708.0
25937,2,0,2,1,0.1227,708639.0
34224,21,10,0,1,0.0755,49849119.0
94361,2,0,0,0,0.062,2416841.0
95336,14,10,0,0,0.04,40414487.0
53713,18,10,0,0,0.0463,40912174.0
36878,16,10,0,0,0.0433,21088156.0
38675,28,0,1,1,0.1155,97357130.0
71504,11,0,1,0,0.0867,15815099.0
91461,9,15,2,0,0.1332,31563131.0
93804,7,0,0,1,0.0662,10042217.0
15202,4,0,2,2,0.1476,998765.0
21931,16,0,2,1,0.1353,14966978.0
70619,14,5,0,1,0.0664,26040955.0
17492,11,0,0,2,0.0953,4086112.0
57903,8,5,1,1,0.1063,10203216.0
67767,11,10,0,1,0.0744,21783792.0
99880,27,10,1,1,0.1021,443337857.0
66776,29,10,2,1,0.1371,679020188.0
11830,20,10,2,1,0.1321,26870406.0
49215,17,5,1,2,0.1215,44346635.0
90486,28,5,1,1,0.1227,386966179.0
27617,26,10,0,2,0.0828,83652914.0
80109,19,0,1,1,0.1065,59187198.0
56873,10,10,1,1,0.1204,19235368.0
56206,12,10,0,1,0.0775,21849994.0
27728,1,5,2,2,0.1764,366310.0
55758,2,10,1,0,0.0948,1549194.0
43908,18,5,0,1,0.064,25652434.0
41924,7,15,0,2,0.1106,7927076.0
27071,16,5,1,1,0.1158,19848338.0
76821,13,10,2,0,0.1185,46092779.0
94049,4,0,0,0,0.0506,5012817.0
76806,10,5,1,1,0.1118,20453483.0
19839,28,5,2,2,0.1576,165613913.0
20830,9,5,1,1,0.0962,4259013.0
43365,18,10,0,1,0.0863,45878829.0
82806,9,10,0,0,0.0498,16523346.0
74363,22,5,0,1,0.0718,73035257.0
28324,10,0,1,1,0.1308,7019971.0
27088,8,10,0,1,0.0632,4696432.0
69459,23,0,1,2,0.1366,134053073.0
83728,11,15,2,2,0.1521,51443510.0
79422,13,0,2,0,0.1232,30643473.0
63406,24,10,2,1,0.142,314701637.0
97888,13,5,2,0,0.1279,49122908.0
39703,16,15,0,0,0.0621,38132082.0
66422,13,0,0,0,0.0442,14019401.0
21614,25,5,1,1,0.1242,63178158.0
17711,12,15,2,1,0.1549,13968677.0
95406,15,0,2,1,0.1375,57048233.0
18066,29,5,1,2,0.1299,101347934.0
45291,16,15,1,0,0.0851,50647241.0
33891,8,10,1,1,0.1069,6989771.0
1753,6,0,1,1,0.098,172259.0
41882,24,0,2,0,0.1278,79996303.0
35374,8,15,0,2,0.0695,7426156.0
40293,2,0,2,1,0.133,1113153.0
4578,18,5,1,2,0.1295,5227614.0
87586,11,0,0,1,0.083,18921265.0
82004,17,0,2,0,0.1145,51562523.0
20229,10,5,1,0,0.0943,4896992.0
69474,2,5,0,2,0.0892,1875240.0
43886,23,10,0,0,0.0595,70501199.0
14875,27,5,1,2,0.1338,67729674.0
63742,19,0,0,1,0.0783,33486437.0
91276,20,15,2,0,0.1145,262527370.0
80686,20,0,2,1,0.1299,92248827.0
10701,20,10,2,0,0.1237,22143710.0
50121,2,15,0,0,0.0451,1353562.0
24291,27,10,0,2,0.0903,91983201.0
95822,6,0,1,1,0.1132,9904416.0
25116,17,5,1,1,0.1224,22835788.0
6886,12,15,0,0,0.0579,3154781.0
14672,5,0,2,0,0.1132,1187744.0
15508,2,15,0,1,0.0585,424580.0
95204,9,10,2,1,0.1571,30989959.0
75928,2,0,1,2,0.1142,2055666.0
38936,22,15,0,1,0.0655,102306352.0
47190,20,0,0,2,0.0965,34504038.0
4281,14,0,0,0,0.0664,1187829.0
75346,22,10,2,0,0.1181,200178319.0
52864,15,10,1,0,0.0903,36560329.0
96386,2,10,2,2,0.1512,2841109.0
48659,28,5,1,2,0.1313,243725509.0
13924,18,15,2,0,0.1085,26568484.0
82559,12,10,1,0,0.0825,33042456.0
65966,7,5,2,1,0.1476,11004134.0
95044,16,5,0,2,0.0857,53032904.0
29468,19,15,2,2,0.1692,118956755.0
29379,3,15,0,0,0.0485,1314230.0
62654,15,10,0,1,0.0563,34058204.0
92465,15,5,0,2,0.1017,51582342.0
58962,7,15,2,1,0.1268,11788909.0
55255,8,15,0,1,0.064,11368990.0
17664,7,15,2,1,0.138,3671644.0
14633,3,15,1,0,0.1001,707066.0
45337,19,5,2,2,0.1547,81684495.0
5932,23,0,2,2,0.1507,14513624.0
17205,19,15,2,1,0.1416,52927700.0
86470,29,5,1,0,0.0879,224217702.0
52111,18,15,1,1,0.1053,96914913.0
50541,7,5,1,1,0.1122,7359752.0
71719,19,10,0,0,0.04,59075489.0
86787,5,0,2,1,0.1228,7213990.0
21744,23,5,2,1,0.1614,84773791.0
3053,13,5,0,0,0.051,890739.0
9359,2,5,0,1,0.0717,248036.0
35934,24,15,2,0,0.1122,201961711.0
41874,18,10,0,2,0.099,49606223.0
65737,4,15,0,2,0.0847,4633039.0
13461,4,10,1,1,0.0821,881373.0
56424,8,0,0,1,0.0643,7097507.0
22566,11,15,0,1,0.0672,8918264.0
46006,1,5,2,1,0.1383,595228.0
94052,28,0,0,2,0.088,137572129.0
59641,9,15,0,0,0.0436,14153938.0
47064,6,10,0,1,0.0626,5208543.0
51368,4,15,1,1,0.107,3784048.0
98005,6,15,2,1,0.1235,14559378.0
71163,13,5,1,1,0.0904,27149674.0
12191,29,5,0,2,0.091,33352136.0
73239,22,0,2,1,0.1411,131754208.0
83147,29,5,2,1,0.1488,680004545.0
52765,9,15,0,2,0.0874,14946935.0
35904,27,15,1,1,0.0981,283403995.0
24695,14,10,0,2,0.0706,12721307.0
64205,12,15,1,0,0.0811,33182728.0
7958,4,0,0,2,0.0942,465386.0
83169,8,0,2,0,0.1344,14366515.0
3272,17,5,2,2,0.1605,4446994.0
61294,22,10,1,0,0.0779,104391613.0
88958,5,15,0,1,0.0612,8296024.0
4018,3,5,1,1,0.1015,177731.0
79496,4,15,2,1,0.1359,6206199.0
68751,8,0,2,1,0.1512,12857125.0
84716,16,0,1,2,0.142,62074276.0
20628,11,10,1,1,0.1083,7979319.0
82406,27,15,1,1,0.1118,760408797.0
58198,26,15,1,0,0.082,332096836.0
1296,27,0,1,2,0.1129,2750552.0
15578,2,10,0,1,0.0879,429708.0
14554,8,5,1,2,0.1068,2570242.0
22585,7,10,1,1,0.0916,3490294.0
35225,1,5,2,0,0.138,455659.0
4546,29,5,2,1,0.1402,31222645.0
47622,2,0,0,1,0.0587,1215559.0
28703,23,5,1,1,0.1168,57223774.0
4664,27,15,1,2,0.1377,59457519.0
92701,13,0,2,0,0.1067,31324813.0
32099,11,10,2,1,0.1347,14450882.0
83015,3,10,2,2,0.1688,4268918.0
54084,2,5,1,0,0.0818,1448593.0
43319,16,15,1,0,0.0928,51117356.0
7140,1,10,0,1,0.0842,89692.0
51891,7,5,2,1,0.1161,7668661.0
84272,3,10,2,1,0.1366,4119849.0
66007,22,15,2,1,0.1426,362058723.0
23141,16,5,2,2,0.1421,21827199.0
51694,26,15,2,2,0.1547,691430688.0
22628,24,5,1,1,0.1204,54453853.0
28243,6,15,1,1,0.103,3948923.0
64747,14,10,2,1,0.1252,48936261.0
83750,23,10,2,2,0.1713,530297169.0
84525,11,15,1,1,0.1144,42351025.0
87565,22,10,1,2,0.1293,266246330.0
66198,23,10,0,1,0.069,117164022.0
45770,21,5,1,0,0.1003,56472176.0
8937,25,15,0,1,0.0729,40040710.0
57004,19,5,2,0,0.1265,73125176.0
96239,22,10,2,2,0.1531,395575614.0
46618,25,10,2,1,0.1208,201583735.0
83141,1,0,1,0,0.0962,1051250.0
54103,21,15,1,1,0.121,197728395.0
91642,13,15,2,2,0.1578,92466287.0
7493,20,5,2,1,0.1489,14812801.0
99038,9,15,0,1,0.0666,25759633.0
98871,27,5,1,1,0.1091,292490418.0
26957,29,10,1,2,0.1475,329181149.0
5117,11,0,0,1,0.0671,1000803.0
13501,1,10,2,2,0.1565,176424.0
2188,13,5,2,2,0.1413,1216213.0
48243,20,5,1,2,0.1369,81782206.0
33113,1,0,1,2,0.1229,424828.0
57639,3,10,2,1,0.1415,2839432.0
67332,20,15,0,0,0.0468,112138973.0
81372,17,0,0,0,0.0455,25088825.0
71681,5,15,0,0,0.0488,6491863.0
56829,6,10,1,0,0.0896,6814899.0
51012,17,0,0,0,0.0618,18428485.0
74711,10,10,1,1,0.1252,25903642.0
68050,11,10,1,0,0.0965,24652966.0
16451,13,15,2,1,0.1527,16050312.0
53086,29,15,2,2,0.1685,1532326086.0
49393,10,15,0,1,0.0749,16490359.0
83418,14,10,0,2,0.1046,54254852.0
77969,28,5,1,0,0.0769,152380445.0
2369,13,10,2,1,0.1332,1573084.0
15068,28,5,2,1,0.1318,76220864.0
42658,4,0,1,1,0.107,2564263.0
9116,20,15,0,1,0.0769,19023229.0
44687,17,15,0,0,0.04,44085936.0
93362,18,10,1,0,0.095,106734857.0
44453,11,5,2,1,0.1341,16262597.0
32237,10,0,1,2,0.1265,7788016.0
6364,21,10,1,1,0.112,13544397.0
66626,18,0,0,1,0.0868,34735582.0
78622,19,5,2,1,0.1329,108754524.0
77925,9,15,0,0,0.0492,18906513.0
17855,5,15,0,2,0.0792,1738517.0
93920,1,5,2,2,0.1528,1224805.0
54634,5,15,0,0,0.04,4846600.0
55278,3,10,1,0,0.0924,2523838.0
2111,1,5,1,1,0.1143,26956.0
99901,19,15,2,0,0.1269,268068727.0
59251,27,5,1,2,0.1225,220641481.0
61258,6,0,1,2,0.1351,6817488.0
12408,10,10,1,1,0.1111,3999437.0
25002,5,10,1,0,0.0894,2277258.0
84274,12,10,0,2,0.0776,32777674.0
78674,12,15,1,1,0.1115,48048922.0
77963,17,0,2,1,0.1418,66690143.0
77432,27,15,0,1,0.071,463417026.0
68925,2,15,1,0,0.094,1956902.0
16360,21,5,1,1,0.1169,24883362.0
94762,25,10,2,1,0.129,459195293.0
17847,27,15,0,0,0.0478,86754295.0
48565,14,10,1,0,0.0952,29560168.0
18456,12,0,2,1,0.1373,6765266.0
71982,28,0,0,1,0.0796,89788385.0
83393,13,10,0,1,0.0709,36760441.0
81239,5,10,1,1,0.0905,7418684.0
84230,5,0,2,0,0.1284,7111196.0
40959,17,0,2,1,0.1388,33841561.0
16058,5,15,1,1,0.0923,1613911.0
52492,24,0,1,1,0.1075,71192124.0
53672,25,15,1,1,0.0973,304692032.0
70592,26,0,2,0,0.1275,174986087.0
79391,19,15,0,0,0.0496,115106439.0
57849,4,5,1,2,0.1208,3832702.0
63313,7,5,1,0,0.0981,8747378.0
24488,23,15,0,0,0.0546,68864022.0
82308,17,10,0,0,0.0476,55521633.0
89652,11,5,2,1,0.1275,31468023.0
99563,6,0,1,2,0.1216,10585453.0
68192,13,10,2,0,0.1114,39018888.0
95391,12,0,0,1,0.0775,22693426.0
72449,25,5,1,0,0.0732,98979756.0
66387,5,0,2,1,0.1395,5781354.0
74509,24,15,2,0,0.1175,443366085.0
17975,27,10,0,0,0.0604,47158961.0
43392,10,5,1,1,0.1123,11589423.0
14305,11,10,2,2,0.1654,7744820.0
77215,9,15,2,1,0.1347,26827674.0
22961,26,5,0,1,0.0577,27988354.0
1228,26,0,1,0,0.0867,1447856.0
82179,13,10,0,1,0.0778,37804911.0
93891,3,5,2,1,0.1477,4469031.0
84544,17,5,1,2,0.1257,79477388.0
24474,18,15,0,2,0.0814,37814193.0
4979,5,5,1,1,0.0994,424863.0
47343,16,5,1,1,0.1086,32472327.0
1739,26,15,1,1,0.1114,13533680.0
20558,23,0,2,1,0.1547,53828331.0
38817,16,0,1,1,0.1112,20624523.0
52799,11,5,0,0,0.0561,12136903.0
93182,22,0,1,1,0.1022,92492244.0
39154,4,15,1,0,0.0904,2790940.0
33272,9,0,2,1,0.1414,7267073.0
38339,15,5,0,1,0.0686,16327089.0
80796,12,15,1,2,0.1298,54813328.0
7594,27,0,2,2,0.1613,42706201.0
14185,16,10,2,2,0.1648,21832106.0
13572,4,10,1,0,0.1017,924605.0
18569,3,15,1,1,0.0873,880230.0
83509,27,0,1,1,0.1211,208079123.0
70753,21,5,2,2,0.1429,151661917.0
74184,4,10,1,1,0.1131,5173118.0
18519,2,0,2,0,0.1436,517437.0
32953,19,0,0,1,0.0696,15642363.0
20804,7,5,1,2,0.1318,3264287.0
77286,28,5,0,2,0.0869,177293626.0
66537,2,0,0,1,0.0767,1730900.0
18275,1,5,0,2,0.0936,230746.0
74418,18,15,2,0,0.1132,147617850.0
63068,28,10,2,1,0.1389,565976019.0
64344,8,10,2,1,0.1288,14523709.0
79284,8,0,2,0,0.1188,12736293.0
33601,28,0,0,0,0.0458,22948559.0
28575,10,5,2,2,0.1614,10092304.0
53705,18,10,0,1,0.0629,46656435.0
56221,22,5,0,2,0.0879,67132474.0
33369,27,0,2,0,0.1201,81451323.0
45617,28,0,0,1,0.0708,48345174.0
59315,11,0,2,1,0.1427,18987889.0
16317,27,0,0,2,0.0883,21774140.0
57109,23,0,1,1,0.1021,63421631.0
29318,1,0,2,1,0.1408,379841.0
42239,7,15,0,0,0.0482,6507360.0
88704,28,15,2,2,0.1702,2173740332.0
19082,27,5,0,0,0.0615,26889285.0
63520,8,15,2,0,0.1063,15306164.0
12079,25,5,1,1,0.1162,31093989.0
3884,14,5,1,1,0.1182,2131983.0
94397,24,15,2,0,0.1065,500079425.0
37347,19,10,2,0,0.1258,67197615.0
73731,8,5,0,2,0.099,12591184.0
68787,19,0,0,0,0.0405,23639017.0
71176,22,5,2,0,0.1176,125322890.0
19740,4,5,1,0,0.0919,1230727.0
13815,23,10,1,2,0.1357,53482422.0
66177,24,0,2,0,0.1101,93767103.0
43891,10,10,0,2,0.1016,13474952.0
53566,22,10,2,2,0.1397,185358990.0
42968,10,10,2,1,0.1532,17306353.0
30913,4,5,1,1,0.1155,2025423.0
79440,8,0,1,1,0.1038,11912127.0
55860,7,0,0,1,0.0786,6271682.0
19462,26,10,0,2,0.0795,56614337.0
36482,15,15,2,2,0.1611,58704109.0
73483,8,0,2,1,0.1424,13178613.0
2338,29,0,2,1,0.1424,11883709.0
13782,10,10,2,0,0.1116,4453083.0
86609,7,5,1,1,0.105,12279128.0
7614,19,10,0,1,0.0713,8136714.0
1741,3,15,0,0,0.0427,77225.0
31210,9,15,0,0,0.0527,7677996.0
67269,16,10,0,0,0.0439,38607842.0
14944,14,15,1,1,0.12,14493918.0
57991,7,5,2,2,0.1756,10802842.0
2806,12,5,0,1,0.067,793031.0
14285,1,5,0,1,0.0792,178955.0
77993,16,15,2,0,0.1179,110365632.0
68289,3,5,1,0,0.0806,2923553.0
41126,27,10,1,0,0.0857,146773399.0
81123,1,5,0,1,0.0709,1011659.0
6857,6,15,0,1,0.0521,829542.0
34792,29,0,0,2,0.0963,66124836.0
88684,2,15,1,1,0.1109,2562082.0
55361,7,10,0,1,0.08,8215540.0
37322,8,10,2,0,0.1261,8328739.0
76507,13,15,1,0,0.0912,50877674.0
12908,29,5,1,0,0.0864,32671356.0
65627,16,5,2,1,0.1552,70553307.0
64643,29,0,2,1,0.1617,507682234.0
22202,22,5,1,0,0.0866,26101724.0
93228,21,10,0,1,0.0804,142488381.0
71102,10,5,1,1,0.1029,18037422.0
60883,4,15,0,0,0.0441,3966013.0
97555,25,15,2,1,0.1361,856304109.0
80558,24,0,0,2,0.0968,91816791.0
44720,21,10,2,1,0.1293,115734696.0
40662,13,15,0,1,0.0855,26163053.0
28030,17,10,0,0,0.0594,20651330.0
40850,8,5,2,2,0.1666,9418214.0
86288,8,0,0,2,0.0871,11999597.0
36397,23,0,1,1,0.1183,52166791.0
57094,7,5,0,0,0.04,6396718.0
91640,24,15,1,1,0.1144,527439778.0
21616,1,10,2,1,0.1416,280174.0
97474,15,10,0,0,0.04,47543609.0
66334,15,10,0,1,0.0741,40790123.0
7661,28,15,1,0,0.0959,69204686.0
58029,19,5,1,0,0.0715,40823631.0
27047,4,10,2,1,0.1281,1945505.0
40043,27,15,1,1,0.1306,465469600.0
47442,6,10,1,0,0.0881,5664379.0
62378,10,15,1,1,0.1198,25661540.0
26943,12,5,0,2,0.1013,9486790.0
35487,26,10,0,0,0.0539,77149994.0
75769,25,5,0,1,0.0802,114052751.0
70023,4,0,0,1,0.0489,3718908.0
25559,6,15,0,1,0.0677,3229805.0
72380,25,0,1,0,0.0592,49785746.0
42519,14,5,1,0,0.0725,16399733.0
92676,13,5,0,2,0.0845,33923922.0
12416,25,5,0,2,0.0833,19546838.0
23859,22,10,2,2,0.1604,108080781.0
88789,21,10,2,2,0.1598,333002250.0
19184,3,5,1,1,0.1113,861806.0
28846,21,5,2,2,0.1617,80321537.0
96757,15,10,1,1,0.1133,79729131.0
43771,3,10,2,2,0.1504,2186687.0
87995,5,15,0,0,0.0428,7856517.0
16498,13,5,0,2,0.0896,6259055.0
70798,26,10,1,0,0.0898,233775072.0
33914,26,10,1,0,0.0792,98249568.0
53980,15,0,1,1,0.1208,27450649.0
46500,17,5,1,1,0.1172,40126512.0
35885,6,5,2,0,0.1114,4114916.0
39215,23,10,0,2,0.0879,85008000.0
65320,18,0,2,1,0.1601,81903291.0
87934,3,15,0,2,0.0916,4195154.0
30924,26,5,0,2,0.094,63651695.0
56099,9,15,2,1,0.1339,19418562.0
64113,8,5,1,1,0.1069,11326959.0
1318,20,10,2,0,0.1351,3094402.0
78697,11,15,2,1,0.1411,45505153.0
78859,28,5,2,1,0.1393,459897543.0
6749,24,15,0,1,0.0701,25225098.0
99558,11,10,1,1,0.1355,45027220.0
10528,8,0,0,0,0.0504,1246865.0
22441,22,0,2,1,0.1317,34817252.0
9526,1,15,2,0,0.1134,121586.0
38161,2,15,0,2,0.0978,1087716.0
2044,20,15,0,0,0.04,3244895.0
79301,4,5,1,1,0.1145,5184879.0
19175,2,10,2,0,0.1128,542824.0
49887,25,15,0,2,0.0714,220405276.0
52671,2,0,0,1,0.0602,1346508.0
1961,13,5,0,0,0.0503,569277.0
70285,29,15,0,1,0.084,650886986.0
52966,22,5,2,2,0.1691,195730148.0
17973,21,15,1,2,0.1271,69721820.0
84908,20,15,0,0,0.0597,155283212.0
44393,6,5,0,1,0.0664,4419831.0
39433,4,10,1,0,0.0753,2546782.0
71077,25,10,2,0,0.1202,304769989.0
31678,27,0,0,1,0.0549,23583748.0
19344,26,10,1,0,0.0979,70903454.0
46154,15,10,1,2,0.1381,46375184.0
9846,23,5,2,2,0.1512,32738193.0
34846,3,5,1,0,0.0915,1517239.0
71565,28,0,2,0,0.1214,203005119.0
59802,26,15,1,1,0.1187,506589275.0
17272,4,5,0,1,0.0575,1003121.0
49613,17,5,2,2,0.166,71587325.0
90306,6,5,1,2,0.1168,10537352.0
14104,2,10,0,1,0.0778,384986.0
16855,20,5,1,1,0.1206,23332727.0
38524,13,0,0,2,0.0833,10853759.0
67455,15,0,2,0,0.1322,38291845.0
43706,5,5,0,2,0.0743,3492719.0
35526,28,15,1,0,0.101,339899802.0
10363,24,5,0,1,0.0844,14836301.0
53430,19,0,0,0,0.0535,21143732.0
50511,6,15,2,1,0.138,7836440.0
57738,17,10,0,1,0.0731,47356629.0
80791,25,5,0,1,0.064,97461075.0
70346,28,0,1,2,0.1562,417155756.0
2440,1,10,1,1,0.1041,30985.0
68255,2,0,2,1,0.1532,1926967.0
45213,1,10,2,2,0.1526,589558.0
1555,8,0,2,2,0.176,327651.0
78648,29,0,1,0,0.1101,199121679.0
68833,4,10,0,2,0.0939,4615144.0
2535,18,5,2,2,0.1629,4230890.0
15931,23,0,1,1,0.1004,17232076.0
72818,24,15,1,1,0.0992,358090986.0
95170,9,5,2,1,0.143,24543210.0
45262,15,15,1,1,0.1246,55350498.0
92021,16,0,0,1,0.0645,30968716.0
25587,21,10,1,1,0.1321,68443792.0
34040,3,5,1,2,0.1239,1559862.0
46543,1,10,0,1,0.0723,580878.0
90177,24,10,2,0,0.1223,342329055.0
27573,13,15,1,1,0.109,20380011.0
71680,14,15,0,1,0.0496,45179478.0
58262,6,5,2,1,0.1338,7182557.0
2688,5,5,0,1,0.072,213558.0
84515,29,5,1,0,0.089,223619336.0
32803,23,15,0,2,0.0964,133018677.0
17154,5,15,2,1,0.1476,1977957.0
81659,27,10,2,2,0.1576,851674419.0
24998,4,10,2,1,0.1304,1806495.0
6786,21,10,0,1,0.0855,10910861.0
60059,12,5,0,1,0.0564,15901673.0
96825,14,0,2,1,0.134,47890488.0
71665,27,15,2,2,0.1515,1102227140.0
95450,23,5,2,1,0.1475,299626213.0
26777,14,15,1,1,0.1232,26526297.0
69381,11,0,1,0,0.0883,15497548.0
74984,22,15,1,1,0.1123,299881545.0
56290,10,15,2,2,0.1643,28939535.0
28139,10,15,1,2,0.148,13313036.0
88254,29,10,2,1,0.1223,701140434.0
50030,28,0,0,2,0.0974,87828905.0
24581,27,5,2,1,0.1438,134409209.0
28993,9,5,2,1,0.1363,7226834.0
43048,26,5,1,1,0.1133,120375217.0
13923,2,0,0,1,0.0774,362477.0
14084,14,15,0,1,0.0758,10334323.0
84096,7,5,0,1,0.0916,11341497.0
23567,17,0,1,2,0.1313,17865438.0
20481,24,10,1,0,0.0903,52181052.0
98552,20,0,1,0,0.0882,64798614.0
12422,8,10,1,0,0.0955,2446340.0
68260,24,0,1,1,0.1097,96019845.0
97007,20,10,2,1,0.1401,241029240.0
69164,4,5,0,0,0.0502,3956857.0
56296,5,0,1,1,0.1087,4500940.0
28875,13,10,0,1,0.0639,12195429.0
18734,7,15,1,2,0.1342,3842378.0
90645,6,5,2,2,0.1571,12067095.0
67155,17,5,0,1,0.0761,39056517.0
52700,6,10,1,0,0.0911,6348669.0
14786,19,10,2,0,0.1161,24108268.0
55395,25,0,2,2,0.1756,296472580.0
95170,3,10,0,1,0.069,4192109.0
66171,9,10,1,0,0.0962,16176079.0
88463,21,15,2,1,0.133,364294050.0
65763,28,5,2,2,0.1397,386872532.0
76265,26,10,2,1,0.1343,466191217.0
88773,15,10,0,1,0.0486,45826980.0
61922,8,15,0,0,0.0476,12014119.0
36301,25,10,1,1,0.1247,165556485.0
61998,25,15,1,2,0.1209,454839183.0
60724,23,5,0,2,0.0689,63944472.0
59976,26,5,0,1,0.085,107775117.0
22735,15,15,0,1,0.0652,18725451.0
84485,1,15,2,1,0.1398,1093994.0
21509,8,5,0,1,0.0779,3360269.0
95934,23,5,1,0,0.0952,141800291.0
70804,4,15,2,2,0.1675,5895653.0
36607,22,0,0,1,0.079,26048890.0
45507,10,5,1,1,0.0925,10913772.0
53540,16,5,0,2,0.0759,27441600.0
41944,18,15,1,2,0.1417,106322431.0
40308,4,15,2,1,0.1322,3123000.0
13412,8,15,2,0,0.1133,3320176.0
57399,4,0,1,1,0.0974,3379508.0
28150,10,15,1,2,0.126,11934299.0
72178,20,0,2,1,0.1365,90485164.0
59763,4,15,2,2,0.1506,4807017.0
76605,16,15,1,0,0.0795,82474858.0
32832,12,0,1,1,0.1132,10065465.0
67562,10,10,0,1,0.0619,17079303.0
70128,25,5,0,1,0.0639,84569286.0
67523,11,15,2,2,0.1381,38408242.0
82453,2,10,2,1,0.1594,2451366.0
8238,16,0,0,0,0.0594,2644113.0
74866,23,15,0,1,0.0651,229323737.0
61930,19,0,2,1,0.131,62447939.0
6650,12,0,2,1,0.1401,2489502.0
38264,4,0,1,2,0.1298,2417415.0
91753,17,10,1,0,0.0772,77778230.0
50588,12,0,2,1,0.1145,15657639.0
18807,16,5,0,0,0.0447,7457861.0
26712,3,15,1,0,0.0744,1241841.0
63915,2,15,2,1,0.1417,1906575.0
55826,26,5,0,2,0.0918,111136145.0
28865,7,15,0,0,0.0403,4336920.0
91169,6,5,2,0,0.1147,10563854.0
91811,1,10,1,1,0.1276,1180949.0
2145,15,0,1,1,0.1178,1059305.0
88499,27,10,2,1,0.1355,643386353.0
75836,12,5,0,2,0.1129,28861772.0
87415,13,0,1,0,0.078,23660444.0
56651,8,10,2,1,0.1319,12951992.0
7242,9,0,1,1,0.1089,1331032.0
14832,1,0,2,1,0.1247,190475.0
65005,5,10,1,1,0.1279,6532101.0
91219,7,15,1,2,0.1318,18556657.0
60328,18,5,1,1,0.1021,51370674.0
80821,22,10,2,0,0.1245,231715154.0
95359,8,10,2,1,0.1415,22701352.0
75633,24,15,0,1,0.067,275082352.0
48852,26,5,1,0,0.0779,79072212.0
2992,10,10,1,1,0.0956,891556.0
37890,29,0,2,2,0.1819,473719904.0
95326,8,5,1,1,0.0965,16107087.0
30394,12,15,2,1,0.157,24284353.0
50957,16,10,0,2,0.0816,38532899.0
84912,12,0,1,1,0.1179,26944397.0
66353,22,5,2,1,0.1447,170619282.0
24880,22,10,2,1,0.1467,94075825.0
86520,27,5,1,1,0.1173,294580738.0
80077,3,0,0,0,0.04,3067657.0
29975,18,0,2,1,0.1332,26913363.0
62616,5,5,1,0,0.0763,5030598.0
5010,14,0,0,2,0.0919,1715632.0
74811,25,0,2,0,0.1068,112474965.0
54510,20,5,0,0,0.04,31097978.0
37088,21,5,2,1,0.1376,74030348.0
85425,16,15,1,2,0.1079,112285711.0
41596,22,10,1,1,0.1126,103593288.0
41653,27,15,1,2,0.1174,410790816.0
33155,6,15,0,1,0.0616,4118401.0
7349,16,15,0,1,0.0472,6430168.0
24347,20,15,1,2,0.1465,95267056.0
69598,14,10,2,0,0.1054,45531872.0
70388,20,5,0,2,0.0864,65221368.0
63241,24,0,0,2,0.0721,48841282.0
55142,5,0,2,2,0.1516,4968162.0
14160,14,5,2,2,0.1775,12864893.0
82858,11,5,1,2,0.133,30092532.0
66923,21,5,0,0,0.0428,43115192.0
47891,9,0,2,1,0.1397,10362150.0
73446,20,15,2,1,0.1344,254824652.0
16758,7,15,1,0,0.0891,2947803.0
3003,5,15,1,1,0.1174,321054.0
26607,29,10,0,0,0.0467,75142133.0
39513,15,15,2,0,0.1222,47502843.0
91561,25,10,1,2,0.1324,465235373.0
70083,13,0,0,2,0.0867,20271343.0
62781,12,10,1,2,0.1226,32071660.0
26672,24,5,0,2,0.0847,38375004.0
42819,15,5,2,1,0.147,35633243.0
80992,24,0,1,2,0.1378,184125932.0
66837,26,15,0,1,0.0586,306949621.0
32603,26,0,0,2,0.0874,38874660.0
87081,19,5,2,0,0.1125,95139825.0
59265,25,15,1,2,0.138,532192512.0
41478,24,5,0,1,0.0653,46157032.0
82714,19,0,0,1,0.092,51155503.0
84752,10,15,0,1,0.0722,27946997.0
74778,17,0,0,2,0.1018,40926976.0
8496,16,5,1,2,0.1199,6469549.0
87402,5,15,1,0,0.0901,8737759.0
29357,29,5,0,0,0.0562,45777131.0
47252,4,15,1,0,0.0797,3297736.0
32212,24,10,1,0,0.0902,82006042.0
6887,22,10,2,1,0.1505,27377970.0
84398,10,5,2,1,0.1367,25846320.0
35856,21,0,0,1,0.0615,18464150.0
7040,25,10,2,2,0.178,71935276.0
91072,6,10,1,1,0.0983,11211813.0
14440,29,15,0,1,0.0716,117634150.0
29371,11,15,2,0,0.1129,14599016.0
20724,11,15,0,2,0.0806,8743707.0
68879,27,5,0,2,0.0974,167914338.0
8188,16,0,2,1,0.1379,5746308.0
95632,14,0,1,1,0.1141,39614536.0
60580,27,15,1,0,0.0674,350546713.0
46216,19,5,2,2,0.165,94676627.0
73392,22,15,2,1,0.1328,361997286.0
23044,28,0,2,1,0.1212,65168125.0
11620,27,5,2,0,0.1388,58040727.0
21723,28,15,0,0,0.056,131514623.0
42142,4,15,1,0,0.0923,3014949.0
42503,5,0,1,0,0.1025,3341392.0
90011,22,5,2,0,0.1225,169309261.0
31243,25,0,1,0,0.082,30913860.0
33860,19,5,1,1,0.1083,35279709.0
68951,17,5,1,1,0.1032,51785899.0
5254,18,15,2,1,0.135,12546269.0
77173,8,0,2,1,0.1274,12902293.0
25510,4,5,1,1,0.1003,1618780.0
73052,23,10,2,1,0.1489,337663010.0
70937,18,15,1,1,0.1133,140807144.0
33122,28,0,2,2,0.155,191057850.0
60317,11,5,1,2,0.1197,20165439.0
86209,26,15,2,1,0.1359,900894310.0
30653,14,0,1,0,0.0732,8985651.0
44336,13,0,2,2,0.1613,23485908.0
64328,24,15,2,2,0.1695,715708360.0
21822,26,5,1,0,0.1137,61428716.0
73403,16,15,0,0,0.04,61487284.0
47944,28,10,1,2,0.139,431550311.0
37002,12,15,1,1,0.1029,21533791.0
88917,9,0,0,2,0.0787,14000587.0
18517,7,10,2,0,0.1087,3039776.0
78366,10,10,0,2,0.0914,22863439.0
11589,29,5,1,0,0.0807,26631118.0
61117,27,15,0,1,0.0639,342312622.0
60264,17,5,2,2,0.1556,77617723.0
35830,18,15,1,0,0.0826,55861313.0
60544,25,0,1,0,0.0819,59768963.0
5627,26,5,2,2,0.1357,22966816.0
67004,7,0,2,0,0.1209,8873818.0
67880,27,0,1,0,0.0907,94694735.0
26454,3,10,2,1,0.132,1284097.0
62806,15,5,0,1,0.0736,27828007.0
72634,16,15,0,1,0.084,80622399.0
33229,21,5,0,2,0.0902,36299366.0
22341,17,0,0,1,0.0833,10049471.0
16375,13,10,2,1,0.1624,13412743.0
96642,26,5,0,1,0.0953,203102209.0
53497,3,10,0,2,0.0781,2389521.0
50740,27,10,1,1,0.0982,213424436.0
92441,20,0,2,2,0.1556,151708174.0
66627,20,5,2,2,0.1613,155061350.0
63515,23,5,2,1,0.1559,227070159.0
2884,5,5,1,1,0.1163,257298.0
79968,9,10,1,1,0.098,19703214.0
86041,23,15,2,0,0.1139,415255175.0
80738,18,5,0,0,0.0496,41302325.0
76767,29,0,1,2,0.1151,215907478.0
41720,11,10,1,1,0.1101,16308038.0
10595,11,15,1,1,0.0981,4879146.0
86623,16,5,2,1,0.1235,68271593.0
71018,8,15,0,2,0.0805,15527677.0
35749,27,10,1,0,0.0941,142368496.0
14918,2,15,1,1,0.114,432401.0
30984,23,10,2,1,0.141,128597213.0
16813,21,15,0,2,0.0999,50416413.0
5466,10,15,1,1,0.1189,2238887.0
35999,6,10,2,2,0.162,5406550.0
59115,27,15,2,1,0.1407,783626382.0
88701,4,0,1,2,0.1313,5621844.0
42164,21,5,2,2,0.1585,112192536.0
79777,28,15,2,1,0.1183,938424370.0
79648,5,15,1,1,0.1214,8598513.0
91333,23,15,2,1,0.144,612444840.0
75919,11,5,0,2,0.0778,19747129.0
20699,12,10,0,1,0.0843,8371277.0
12481,16,5,1,1,0.1041,8212210.0
71711,20,15,0,1,0.0689,140625329.0
84518,21,10,0,1,0.0802,128936415.0
32334,14,15,1,0,0.0922,26218938.0
60252,14,10,2,0,0.1334,48430271.0
84462,20,15,0,0,0.0465,140299435.0
9333,20,15,2,0,0.1369,33188455.0
80996,15,10,1,1,0.1022,61267653.0
66625,8,0,0,2,0.1032,9963015.0
95097,27,5,1,1,0.0873,197356249.0
21790,5,10,2,0,0.109,2085708.0
6490,29,5,1,1,0.113,26351856.0
49055,9,0,0,2,0.086,8013646.0
78240,21,0,1,1,0.1093,76443719.0
99163,16,10,1,2,0.1304,111908213.0
18593,24,0,1,0,0.0781,15747612.0
38746,3,0,2,0,0.1088,1655704.0
36992,12,15,2,1,0.1423,27033978.0
38624,7,15,2,1,0.1333,7898563.0
90713,17,0,2,2,0.1734,112518825.0
23623,15,15,0,2,0.0881,22489209.0
92471,15,0,2,1,0.1472,60857117.0
1148,12,15,2,1,0.1444,849666.0
16263,21,0,0,1,0.064,8645731.0
25449,2,0,2,2,0.1402,708502.0
90619,8,5,1,1,0.1218,17087708.0
98138,28,0,2,0,0.1102,221939296.0
51577,22,5,0,1,0.066,47270652.0
43314,5,10,1,2,0.1285,4359093.0
14538,3,0,0,0,0.0495,565290.0
93517,29,0,1,0,0.0996,190385848.0
52787,1,5,1,1,0.1101,672506.0
68899,16,0,1,2,0.1287,43867578.0
66246,10,15,0,1,0.0802,22645301.0
28508,26,5,1,0,0.096,60566141.0
69643,10,5,1,1,0.1026,17639602.0
6628,11,15,1,0,0.0785,2767671.0
67987,26,0,1,0,0.0818,73534946.0
42409,12,10,1,1,0.1095,19962262.0
16180,8,10,2,1,0.1275,3632732.0
13377,27,10,0,1,0.0709,39703953.0
44548,5,5,1,0,0.0887,3696047.0
56003,9,5,1,1,0.0846,10828629.0
53100,11,15,1,2,0.1159,26815002.0
21319,15,0,1,1,0.0811,7502714.0
31685,23,15,1,1,0.1066,141970245.0
24214,17,5,2,0,0.1307,23974578.0
53861,11,10,2,0,0.1011,20014290.0
97649,13,0,1,2,0.1168,35768033.0
84209,17,10,1,1,0.1084,92755481.0
50655,23,0,1,1,0.0994,53891704.0
98413,27,10,0,2,0.0793,323745245.0
58103,7,0,0,1,0.0754,6443375.0
85067,9,10,2,2,0.1551,27417859.0
10657,18,15,2,1,0.1251,23360512.0
5520,23,5,0,0,0.04,4138797.0
37484,18,15,1,2,0.1521,104433402.0
30577,10,10,2,2,0.1713,13605481.0
48599,12,0,1,0,0.0855,12224638.0
31558,26,15,1,2,0.1309,309519319.0
96205,18,10,2,1,0.1351,160800001.0
94374,21,5,0,1,0.0751,86381364.0
2210,9,0,0,0,0.0415,289704.0
64807,9,15,0,1,0.0646,16715413.0
74594,10,5,1,0,0.0946,18084330.0
53972,1,10,1,1,0.1245,693061.0
44304,11,0,1,0,0.0974,10493870.0
99235,14,10,0,1,0.0823,55298478.0
77999,23,0,1,1,0.1069,93275643.0
3843,26,5,2,2,0.1538,21597315.0
80871,10,5,1,0,0.0706,17274988.0
20834,28,5,2,2,0.1607,185013252.0
94263,14,15,0,1,0.0738,68329573.0
53670,19,15,1,2,0.127,144183917.0
73180,26,15,1,1,0.1022,514641751.0
96775,10,10,0,2,0.1024,29840976.0
86780,17,15,1,1,0.1163,146651798.0
84064,2,0,2,1,0.1531,2373167.0
53278,22,5,0,1,0.0605,45822912.0
41428,14,10,2,2,0.1529,38727894.0
66553,26,10,0,2,0.102,257547095.0
72535,18,15,2,1,0.1395,180305763.0
84576,2,0,2,0,0.1143,2290133.0
78933,20,5,2,2,0.155,169052604.0
46386,19,10,1,2,0.1299,87088930.0
35055,24,5,1,1,0.12,83830177.0
17651,8,0,1,2,0.1284,2964404.0
34202,6,5,1,0,0.0979,3756958.0
52187,20,15,1,2,0.1347,181559068.0
36265,7,5,2,1,0.1312,5677496.0
40208,25,10,1,1,0.1012,134157913.0
39805,13,15,2,1,0.1355,34709178.0
41574,2,15,0,1,0.0566,1135991.0
53360,22,15,2,1,0.1349,269051296.0
45938,7,15,1,2,0.1451,9791116.0
90084,1,10,0,2,0.0897,1134990.0
49524,6,0,1,1,0.1023,4937423.0
48515,16,0,0,2,0.1092,25238509.0
89383,8,15,2,1,0.1307,23688867.0
91852,13,0,0,2,0.0804,25308584.0
72231,23,10,1,2,0.1423,305158681.0
80173,18,0,0,2,0.0966,46701337.0
80414,14,0,2,0,0.1187,34694300.0
5886,18,10,0,1,0.0783,5814310.0
4771,29,0,2,1,0.143,24599987.0
97183,4,15,0,1,0.0581,6503952.0
60070,15,15,2,1,0.116,69124738.0
39672,5,10,2,2,0.1543,4271389.0
47686,21,15,2,1,0.1508,236757909.0
48193,14,15,2,1,0.1357,51993288.0
81630,16,15,1,0,0.0946,97535427.0
86432,15,15,2,1,0.1418,119965472.0
92210,11,15,1,1,0.0931,41391379.0
45765,2,0,2,0,0.1159,1241374.0
47346,23,10,0,0,0.0536,71808719.0
94095,24,5,0,1,0.0621,100596171.0
25487,18,10,1,0,0.0864,26989770.0
78111,4,10,0,0,0.0539,4833512.0
84764,15,10,2,2,0.1607,103104939.0
4924,12,0,0,2,0.1005,1377136.0
49469,27,10,1,1,0.1138,259295553.0
95633,27,10,0,1,0.0604,251147687.0
46938,3,0,1,2,0.1252,2059481.0
97045,4,15,2,0,0.1202,7339734.0
22265,21,5,2,1,0.1534,55137885.0
17918,16,15,0,1,0.0653,17564965.0
41345,6,10,0,2,0.0727,4713831.0
72266,2,15,0,2,0.0944,2052616.0
9476,26,0,2,1,0.1324,25791985.0
41755,22,5,0,1,0.0571,34580997.0
11861,9,15,2,1,0.1402,4222725.0
62130,12,10,1,2,0.1397,35407188.0
92241,12,5,0,2,0.0843,29071584.0
70677,27,10,0,1,0.075,220343239.0
41704,24,15,1,2,0.1368,308700097.0
63910,14,15,1,0,0.0979,53715083.0
30839,17,10,1,1,0.1027,32328178.0
58405,9,5,1,0,0.0788,10988009.0
88781,12,5,2,0,0.1102,33165622.0
55353,27,5,0,1,0.0779,99286512.0
19767,10,15,2,2,0.1667,10289063.0
58554,11,15,2,1,0.1304,31941212.0
85367,2,10,1,1,0.1313,2464108.0
86189,28,10,0,0,0.04,202653558.0
9568,16,0,2,1,0.15,7641452.0
43145,27,0,2,1,0.1552,213876437.0
28855,1,0,1,1,0.1111,367821.0
53650,22,10,0,1,0.0623,78240047.0
15379,29,5,0,1,0.0625,26414456.0
69383,1,0,0,1,0.0674,863618.0
90578,22,10,2,1,0.1508,361439510.0
24830,2,15,1,0,0.078,693469.0
25467,12,5,0,1,0.0516,6547589.0
59130,27,0,2,1,0.1436,231063835.0
34500,23,15,2,1,0.1458,236337914.0
55215,23,5,0,1,0.0897,75795068.0
62212,28,5,1,2,0.1162,236101425.0
24620,20,15,1,1,0.1087,67178075.0
46577,18,0,0,1,0.0816,22916921.0
60999,12,0,2,2,0.1612,26836898.0
25195,27,15,1,1,0.108,222481128.0
45254,23,15,2,0,0.1279,253357521.0
65383,1,15,2,1,0.134,843946.0
29222,28,10,1,0,0.0985,141072586.0
5619,27,5,2,0,0.1075,16173130.0
77039,11,0,2,2,0.1448,25012364.0
33287,2,0,0,2,0.0873,875723.0
59928,12,15,1,2,0.1044,35156467.0
53158,2,5,2,1,0.1408,1515393.0
21428,17,15,1,2,0.1127,35189543.0
67746,25,5,1,1,0.1128,165492999.0
12606,6,15,2,2,0.1619,2102693.0
52138,16,15,1,1,0.1093,69243173.0
90393,19,5,0,1,0.0744,65501980.0
19132,28,0,0,0,0.052,14533883.0
82094,6,0,2,1,0.1371,9198482.0
50909,7,10,1,1,0.1283,8969348.0
67454,19,5,2,1,0.1439,106498444.0
26695,20,0,1,1,0.1177,25861968.0
9897,26,0,2,1,0.1507,38403775.0
88974,17,5,2,1,0.1467,104133025.0
22313,6,0,1,1,0.1306,2445988.0
69397,15,5,0,0,0.0517,25933204.0
54646,22,0,2,0,0.1199,70740499.0
35575,9,15,0,2,0.0835,9913761.0
92511,2,5,1,1,0.1074,2545516.0
69185,5,5,2,0,0.1127,6113900.0
5423,21,0,1,2,0.1368,7887845.0
43580,23,5,0,0,0.0409,32996163.0
65806,5,10,1,1,0.1107,6326924.0
36210,12,10,2,2,0.1656,24500204.0
74175,10,5,0,1,0.0715,15917879.0
3595,4,10,2,2,0.151,271230.0
88057,12,0,0,2,0.097,24023612.0
46974,15,0,1,2,0.1291,25887059.0
46132,10,5,1,1,0.0813,10419880.0
70611,28,0,2,1,0.1302,240349378.0
98777,18,0,2,1,0.154,114698981.0
76177,24,10,2,2,0.1748,613066701.0
86862,5,0,0,2,0.0953,6695490.0
35539,13,0,0,2,0.0978,11202821.0
55827,4,10,2,1,0.1322,4049806.0
51169,9,15,0,1,0.0674,13349423.0
62568,18,5,0,1,0.0824,43628322.0
26094,3,5,1,0,0.0943,1141166.0
85271,24,15,1,2,0.1306,587598596.0
43095,11,10,1,1,0.1081,16656361.0
85692,4,10,2,1,0.1517,6474711.0
10007,9,0,1,2,0.1412,2183540.0
51125,26,0,1,0,0.0965,71579642.0
43922,29,5,0,2,0.0907,119504181.0
61210,12,5,1,0,0.0864,19562921.0
60754,26,10,0,2,0.0969,219848491.0
14377,10,0,1,1,0.099,2952080.0
2800,10,10,2,0,0.1111,902161.0
18192,9,15,2,1,0.1255,6066386.0
55590,10,5,1,2,0.1424,17580778.0
38901,9,5,1,1,0.1028,8210389.0
1969,1,10,1,1,0.114,25140.0
37847,22,0,2,2,0.1587,90211408.0
52031,16,0,0,0,0.079,20082176.0
82137,26,15,0,2,0.0944,531488945.0
37087,14,15,1,1,0.0914,29919469.0
38473,13,15,2,1,0.1518,37297443.0
40379,6,10,0,1,0.0661,4515526.0
31655,14,5,1,1,0.108,16016326.0
16259,8,10,2,0,0.1133,3441202.0
66923,23,10,2,1,0.142,281455024.0
46814,23,0,0,1,0.0718,32980592.0
69025,18,15,2,1,0.1335,162739528.0
53996,29,5,1,1,0.1049,189075031.0
69426,28,15,1,1,0.111,747193460.0
46100,27,15,0,1,0.0466,221731372.0
67258,20,15,2,2,0.1456,260746989.0
9947,1,5,0,1,0.0867,125121.0
36018,12,0,0,0,0.0533,7272875.0
66461,27,5,2,1,0.1348,308110589.0
23510,11,5,0,1,0.053,5311649.0
12207,13,0,2,0,0.1194,4568170.0
16073,23,5,1,1,0.1199,33462935.0
79183,4,5,0,2,0.1164,5197843.0
9190,25,10,2,1,0.1589,69319243.0
37855,6,5,2,1,0.1311,4626231.0
38846,22,10,2,2,0.155,163855947.0
9142,25,10,0,0,0.04,15363890.0
93079,13,10,1,1,0.1016,49889028.0
53470,24,15,0,1,0.0679,196031170.0
62805,22,0,1,0,0.0863,49552391.0
93412,13,15,0,0,0.0705,55231933.0
80949,6,0,0,1,0.0568,6959089.0
1768,22,5,0,0,0.0495,1345044.0
28255,4,10,1,1,0.0894,1877258.0
42946,21,15,2,2,0.1633,244565597.0
6557,3,5,0,2,0.0766,278948.0
44319,25,15,0,1,0.081,214130038.0
94156,15,5,1,0,0.0871,46518845.0
19691,11,15,0,1,0.056,7378767.0
55463,2,5,2,1,0.119,1544831.0
77309,27,5,2,2,0.1502,476727772.0
11263,23,15,1,2,0.1324,66246667.0
53142,17,5,1,1,0.1142,44486178.0
79922,26,10,2,0,0.115,369212395.0
88917,28,10,2,2,0.1693,1355734727.0
81794,23,10,2,2,0.1486,376509392.0
26993,2,10,1,1,0.0807,739071.0
13324,21,0,2,1,0.1428,21205652.0
93981,1,15,2,1,0.1529,1225682.0
63432,5,10,2,2,0.173,7176326.0
27162,27,10,0,0,0.04,57169170.0
71203,20,10,1,2,0.1246,148760421.0
33383,17,0,1,0,0.0972,17394128.0
21786,28,15,1,2,0.1237,274663677.0
56357,1,5,1,1,0.1111,718378.0
76954,7,0,0,0,0.0428,7549175.0
32259,29,10,0,0,0.04,84644756.0
49879,3,10,0,1,0.061,2170769.0
32651,26,0,0,0,0.0596,24372062.0
80591,16,15,0,1,0.0701,81548992.0
62080,16,15,1,1,0.1227,91118512.0
75659,12,5,1,0,0.0952,25598441.0
40756,9,0,1,1,0.1261,8199373.0
14755,25,15,0,1,0.0782,69396810.0
76270,14,0,2,1,0.1476,42665487.0
49704,12,15,1,1,0.1088,29890794.0
45666,26,15,1,1,0.1401,503149274.0
90123,27,10,2,1,0.1411,716674959.0
40661,25,15,0,0,0.04,137850547.0
78277,16,15,2,0,0.1227,114858222.0
20528,17,0,2,0,0.1102,12302681.0
89802,12,15,1,1,0.1202,57615531.0
24854,4,15,1,1,0.1173,1868701.0
82242,17,0,0,1,0.0681,31653393.0
63236,1,15,2,2,0.1511,823909.0
43494,25,0,0,1,0.0715,36275853.0
82412,21,0,2,1,0.1336,114364713.0
61480,17,0,1,0,0.0979,32253958.0
46802,11,0,2,1,0.1456,15274079.0
20058,19,10,0,1,0.0994,27737002.0
71084,23,10,2,2,0.1555,359856917.0
30502,18,10,0,2,0.087,32467868.0
63197,20,10,2,2,0.1585,194345988.0
59204,2,0,1,2,0.1289,1628347.0
15263,9,0,1,1,0.1203,2977816.0
68088,28,0,0,1,0.0672,67653659.0
72550,9,0,1,2,0.1497,16577939.0
14106,12,10,2,2,0.1658,9559035.0
84312,13,15,2,1,0.1351,73351505.0
16396,16,10,1,1,0.1026,14643569.0
27455,29,0,0,2,0.1004,56807391.0
55490,13,0,2,1,0.1403,24632899.0
1648,23,15,0,0,0.0501,4472801.0
94733,14,0,2,1,0.134,46842386.0
56546,7,15,0,0,0.0494,8743998.0
65396,2,0,0,1,0.0636,1677853.0
78145,12,15,2,2,0.1736,69289507.0
34588,26,5,2,1,0.1472,172681733.0
65202,28,5,0,2,0.0883,152932114.0
93128,24,5,2,2,0.1581,407194880.0
82456,17,5,1,2,0.1309,81794028.0
22829,24,0,2,2,0.1599,76887430.0
50058,5,0,0,1,0.0604,3514024.0
74231,29,0,2,1,0.121,236668605.0
85715,20,5,2,2,0.152,176539249.0
37984,10,15,0,1,0.0687,12333531.0
68670,18,15,2,1,0.1326,160598558.0
3177,3,5,0,1,0.0782,135495.0
19683,13,0,0,1,0.0677,4930465.0
56133,13,5,0,2,0.1087,24429274.0
98042,10,10,0,1,0.0644,25076343.0
84303,29,15,1,1,0.1114,1072355600.0
64276,2,5,1,1,0.1071,1767998.0
12693,27,5,0,1,0.0744,21592764.0
5142,28,5,2,0,0.1307,25463203.0
45622,16,5,1,2,0.1361,40580928.0
89564,4,0,0,0,0.04,4669222.0
92945,19,15,1,2,0.135,268695288.0
66440,5,10,0,2,0.0799,5908554.0
62291,7,0,1,1,0.1069,7805520.0
3472,9,5,0,2,0.0969,712140.0
55646,5,5,1,1,0.0988,4740462.0
81836,8,5,1,0,0.1016,14131725.0
31549,2,5,2,1,0.1365,895199.0
79554,22,15,1,1,0.1317,387903079.0
78934,24,5,2,1,0.1407,260168254.0
26826,25,10,1,1,0.1271,126450292.0
69646,27,0,0,2,0.102,119960145.0
80142,20,15,2,1,0.1339,276692277.0
9801,20,5,1,1,0.097,10246362.0
89491,7,10,2,1,0.1411,16525963.0
98347,29,0,0,1,0.0642,99811701.0
70310,4,0,0,0,0.0658,3869775.0
93358,21,15,0,1,0.0675,212763227.0
1258,15,0,0,2,0.087,466697.0
7868,18,5,0,1,0.056,4269000.0
7817,2,5,2,0,0.1242,218937.0
39512,27,10,2,1,0.1283,256798195.0
31856,14,10,1,1,0.1144,22247043.0
13092,10,0,1,2,0.1358,3344806.0
59259,5,15,0,2,0.0825,5815910.0
97636,12,5,0,1,0.0796,29861649.0
54094,10,0,2,1,0.1373,13942404.0
83157,26,15,0,1,0.0553,371021584.0
37123,29,0,0,0,0.0655,38589335.0
59031,18,15,0,1,0.0608,78623771.0
74440,28,10,1,1,0.1151,457913050.0
89521,6,5,2,1,0.1443,11420333.0
55858,28,10,1,0,0.0939,252797495.0
2158,22,5,0,1,0.0737,2167627.0
60473,12,15,0,1,0.0603,28049370.0
99898,24,15,1,2,0.1469,834455588.0
65720,28,0,1,0,0.0996,120270167.0
19134,1,15,2,1,0.1448,248432.0
17786,7,15,0,0,0.04,2670072.0
91933,12,0,0,1,0.0602,19444585.0
53990,7,0,1,0,0.0966,6497013.0
76963,9,5,2,0,0.1,16022010.0
52692,20,15,2,0,0.1234,164547107.0
56030,15,0,0,1,0.0567,15917396.0
11494,23,5,0,1,0.0613,11029930.0
74026,12,5,1,2,0.1159,28743731.0
27273,13,10,0,0,0.0525,10754181.0
95040,22,0,1,0,0.1012,92916702.0
15760,4,10,0,1,0.0735,1014075.0
39302,10,5,0,1,0.0746,8570488.0
71822,28,15,0,1,0.0717,503625309.0
68149,24,0,2,1,0.1468,181523713.0
46540,3,0,0,2,0.0947,1944070.0
89499,24,5,0,1,0.0428,75680247.0
33430,29,0,2,1,0.1491,197319210.0
39419,5,5,2,0,0.128,3628751.0
4552,4,0,0,0,0.0464,240495.0
60571,19,0,2,2,0.1403,68923285.0
24622,15,15,2,1,0.1424,34323546.0
49829,28,5,2,1,0.1433,313697886.0
5996,26,10,2,2,0.1556,51000997.0
35232,23,15,1,1,0.1119,166557925.0
63083,29,5,0,1,0.0807,145026009.0
55034,7,0,1,1,0.134,7681819.0
40379,29,5,0,1,0.0715,79824479.0
32002,22,5,2,2,0.1633,108362827.0
36868,3,15,1,0,0.0818,1733077.0
70649,25,5,2,1,0.135,246297953.0
27532,27,0,2,1,0.1386,97240534.0
37861,16,10,2,0,0.1318,43235933.0
74660,15,10,0,1,0.0782,47283024.0
22235,18,0,2,1,0.1593,27598197.0
91798,3,10,0,0,0.04,3870239.0
4579,14,15,0,1,0.0568,3005864.0
58944,1,5,2,1,0.151,767945.0
26619,7,5,0,1,0.0845,3497463.0
22829,2,10,1,2,0.1303,658268.0
76107,10,10,0,2,0.0453,17802657.0
21912,24,10,2,2,0.1526,126419695.0
41334,25,15,2,1,0.1434,396686857.0
43001,16,5,1,1,0.101,27508751.0
35341,12,5,1,2,0.1319,15309731.0
13663,27,0,0,2,0.109,26892251.0
23104,18,0,0,1,0.0843,11706677.0
43323,6,15,1,1,0.1181,6332682.0
49277,27,5,2,1,0.1394,248433749.0
18640,17,5,2,2,0.1551,23867047.0
18511,8,0,1,2,0.1376,3245417.0
59367,21,0,1,2,0.1303,78448819.0
99235,9,5,2,0,0.1206,22861244.0
45654,19,15,2,1,0.1245,119901765.0
95428,2,10,0,1,0.0629,2564912.0
56233,7,15,1,2,0.1375,11668797.0
2049,11,5,1,2,0.119,681944.0
68837,23,10,1,1,0.1127,199082903.0
65760,13,15,2,1,0.1441,60631847.0
96033,10,15,0,0,0.0547,29324532.0
59498,15,5,2,1,0.1456,48885458.0
97685,21,0,1,1,0.1163,105450237.0
36966,7,15,1,2,0.1238,7312649.0
44705,28,15,1,2,0.1153,507077880.0
62490,6,0,1,1,0.1013,6208021.0
54645,25,15,1,1,0.1173,384648800.0
91425,12,15,2,1,0.128,61377833.0
69231,3,0,0,1,0.0596,2735140.0
73181,16,5,1,2,0.1195,55560696.0
91641,20,5,1,2,0.1115,113662528.0
56032,9,5,1,1,0.0985,11583962.0
74685,10,10,2,1,0.15,29556623.0
16032,13,5,2,0,0.1128,7190012.0
65221,8,10,1,1,0.0925,12689828.0
23243,26,10,1,1,0.1049,93441041.0
46915,6,10,1,0,0.0951,5720375.0
76969,28,0,1,2,0.1117,179334961.0
91423,3,10,1,1,0.1195,4352328.0
18379,12,10,2,2,0.1456,10882473.0
73401,9,0,1,0,0.086,11993840.0
80146,9,15,1,2,0.1259,26776341.0
90416,11,15,1,2,0.1244,47748564.0
77251,6,10,2,0,0.1194,10143845.0
3631,2,5,1,1,0.1178,101009.0
99567,7,15,2,2,0.1596,22340901.0
41452,9,5,0,1,0.0639,7276334.0
62196,25,0,2,1,0.1446,184604291.0
14830,19,15,1,2,0.1321,41728458.0
25596,18,0,2,0,0.1133,18097400.0
44484,12,10,1,1,0.1104,21057417.0
95756,21,15,2,1,0.1325,392235557.0
26772,11,10,2,1,0.1313,11819986.0
6116,10,10,0,1,0.0781,1670834.0
82839,29,0,2,1,0.1445,441264697.0
86053,23,15,0,1,0.0777,293880196.0
2636,3,15,0,1,0.0764,122912.0
42590,12,15,2,1,0.1311,29122920.0
93338,4,10,2,1,0.15,7026873.0
8811,10,15,2,2,0.157,4363562.0
16223,2,5,0,1,0.0793,433363.0
11581,12,5,1,2,0.1287,4910253.0
21919,28,10,1,0,0.0931,98163870.0
84018,11,0,0,1,0.0734,17092667.0
50441,14,5,0,0,0.0581,17519840.0
3604,15,0,2,1,0.1237,1883428.0
65655,14,15,2,0,0.1042,57445707.0
1207,26,5,1,1,0.1167,3572121.0
94926,29,10,1,2,0.1336,909511720.0
9463,12,10,1,0,0.0822,3781746.0
37446,29,0,2,0,0.1236,126383787.0
91526,2,10,2,2,0.1459,2682743.0
13671,23,0,0,1,0.1026,15302900.0
10476,2,0,2,1,0.1531,295739.0
5986,1,5,1,0,0.0962,75688.0
29590,20,5,0,1,0.0708,23111159.0
16526,15,10,2,0,0.1138,13669160.0
43001,22,0,1,1,0.0969,39499048.0
54242,10,5,2,1,0.1389,16814968.0
7803,26,15,0,2,0.0814,44255316.0
52446,20,10,2,1,0.132,118907600.0
12905,1,10,1,1,0.0958,163139.0
3461,1,15,0,1,0.0725,43200.0
59687,25,15,1,2,0.1262,465463848.0
6673,1,15,0,1,0.0754,83421.0
77490,23,5,2,0,0.1246,172727823.0
47772,11,15,2,1,0.1423,27800364.0
76956,28,10,1,0,0.1166,484482238.0
83863,28,5,2,0,0.1282,396932794.0
30564,12,0,0,1,0.0574,6343334.0
70692,15,15,2,1,0.1446,100161244.0
13251,14,10,2,2,0.1595,13045522.0
80056,23,15,2,0,0.1066,358790136.0
83085,1,0,2,2,0.1458,1079367.0
2905,1,5,2,1,0.1445,37713.0
53208,6,0,2,0,0.127,5761053.0
76051,24,5,2,2,0.1495,288992987.0
63094,23,10,2,2,0.1697,390331780.0
17734,22,10,1,1,0.1128,44300406.0
27886,26,10,1,1,0.122,142147098.0
64611,3,0,2,2,0.1709,3054211.0
37077,14,15,1,1,0.1084,33326692.0
6661,28,15,2,0,0.1364,99246817.0
4838,27,0,2,0,0.1088,9481116.0
43073,23,15,2,1,0.1639,366710648.0
11378,6,0,1,1,0.1012,1130142.0
9058,8,15,0,1,0.0695,1901729.0
68525,20,5,2,0,0.1143,87882690.0
76113,25,10,2,2,0.1562,550800825.0
86404,15,15,0,1,0.0992,88578325.0
90806,17,0,1,1,0.1054,51645889.0
34884,28,5,0,0,0.0585,51561773.0
29527,29,15,2,2,0.1576,716851236.0
43187,23,15,0,1,0.0794,149678471.0
39735,9,0,2,1,0.1346,8364839.0
16981,16,5,1,2,0.1326,14597793.0
63457,26,10,1,2,0.1363,399495494.0
28080,1,0,1,0,0.0828,352458.0
12797,26,15,2,2,0.1876,275904702.0
58056,16,10,1,1,0.1168,58322360.0
27457,19,15,0,0,0.0477,39289379.0
21917,23,0,1,0,0.083,18200996.0
9871,9,5,2,1,0.1409,2518977.0
20053,17,10,0,1,0.0578,14601755.0
92359,6,0,0,1,0.0878,8777627.0
67727,27,0,0,0,0.0543,49896647.0
84050,14,10,0,2,0.0891,49059983.0
84323,18,5,2,2,0.1705,153952975.0
60415,21,15,1,1,0.1028,185936790.0
39398,14,10,0,2,0.0784,21383684.0
98064,23,0,1,2,0.1287,166326929.0
76058,7,10,1,0,0.0913,11738954.0
6030,10,10,1,2,0.1353,2205206.0
2381,16,5,1,2,0.1152,1736247.0
17753,7,5,2,0,0.1154,2617288.0
6092,28,15,0,2,0.0592,37950923.0
53946,20,10,0,0,0.04,50292098.0
88620,28,5,1,1,0.1172,342291553.0
81093,6,5,0,2,0.0996,8955998.0
59520,27,0,1,2,0.1186,141060674.0
9567,26,5,2,1,0.1368,39763395.0
81152,6,10,0,1,0.0703,9186325.0
85680,7,10,1,1,0.1208,14688626.0
28866,25,0,0,1,0.0853,30147179.0
35711,22,0,1,1,0.1115,40718786.0
49743,28,0,0,1,0.0674,49566500.0
26386,26,10,2,2,0.1456,191510055.0
87842,17,10,0,1,0.0711,70888424.0
24013,8,15,2,1,0.1607,7183832.0
95542,2,5,2,0,0.1329,2700750.0
7885,19,0,1,1,0.1117,6218391.0
33821,28,5,1,0,0.093,85869645.0
15045,21,5,0,1,0.0631,12037779.0
92210,22,15,2,0,0.1164,384195653.0
19780,7,10,1,0,0.0915,3055034.0
26550,12,5,2,1,0.1415,12304813.0
90771,20,0,2,1,0.1501,137815336.0
79377,3,0,2,1,0.1496,3623654.0
49284,25,10,0,0,0.0552,96543152.0
61238,4,10,2,2,0.15,4610210.0
48184,25,10,2,0,0.1104,181070010.0
61623,25,0,0,2,0.0811,60087641.0
22305,11,10,0,1,0.0724,7092738.0
41021,12,15,1,0,0.0697,19972416.0
87759,19,15,2,1,0.1399,265697459.0
44184,19,0,2,2,0.1741,79344309.0
19942,29,15,0,1,0.0767,171087734.0
78418,11,5,0,0,0.0465,17086999.0
25714,13,10,1,1,0.103,13913116.0
52672,24,15,0,1,0.0781,211457881.0
87557,1,10,0,2,0.0931,1105182.0
44201,6,15,0,2,0.0875,5910253.0
64296,22,10,0,0,0.0441,79126890.0
53979,25,0,1,1,0.1108,87012859.0
89549,16,5,2,1,0.137,80344649.0
84257,2,10,2,2,0.1678,2527516.0
78817,14,5,2,1,0.1524,57517796.0
15008,24,10,2,2,0.1463,79170461.0
61196,23,0,2,1,0.1277,102186693.0
3294,18,5,0,1,0.0835,2322618.0
20061,17,15,2,1,0.1417,41720093.0
56733,20,5,0,2,0.0787,48283724.0
99376,18,10,2,1,0.1498,192904741.0
41004,19,5,2,2,0.1634,82312190.0
81625,15,0,0,1,0.092,31701378.0
52293,2,5,2,1,0.1376,1485671.0
54682,25,5,0,1,0.0811,83377877.0
11237,4,5,1,0,0.0755,677194.0
12694,1,15,1,1,0.124,162954.0
87472,8,5,1,1,0.1194,16321266.0
11468,20,10,2,0,0.136,27207224.0
19461,14,10,2,0,0.1311,15379239.0
76376,26,5,2,1,0.139,330171746.0
75062,11,5,2,1,0.1283,26470024.0
79000,27,15,0,1,0.064,442669015.0
77599,24,0,1,1,0.0924,82320367.0
81280,24,10,0,0,0.0408,122731230.0
14064,25,15,1,0,0.0943,77386781.0
88276,14,10,1,2,0.1295,68934604.0
14589,28,10,0,0,0.0478,37290536.0
54324,16,5,0,1,0.0621,24790747.0
1932,10,10,0,1,0.0523,466711.0
18019,7,0,1,2,0.1318,2493411.0
56835,16,0,0,0,0.0538,17323068.0
23157,4,0,2,2,0.1501,1529660.0
53381,12,15,0,1,0.0647,25318717.0
18574,12,0,1,0,0.1054,5382780.0
49312,2,0,1,1,0.1216,1345713.0
72044,6,10,0,1,0.0552,7801646.0
33779,20,15,0,1,0.0692,66359054.0
31888,15,5,1,1,0.1245,21675524.0
27025,15,15,1,2,0.1278,33833255.0
9060,22,15,0,1,0.0673,24165025.0
34216,16,5,2,1,0.1509,35231613.0
74197,24,5,2,2,0.1699,394907700.0
65617,3,5,2,2,0.1694,3233497.0
72421,1,10,1,0,0.0874,911304.0
1426,21,10,2,1,0.1466,4540645.0
26491,12,10,2,1,0.1549,16686601.0
20553,15,0,0,0,0.0495,5493338.0
13918,19,5,0,1,0.066,9263607.0
13513,6,10,2,0,0.1323,1847225.0
17830,19,10,1,1,0.1305,33673953.0
60254,17,15,2,1,0.1612,148467549.0
45695,9,10,0,1,0.0663,9783663.0
31171,21,5,0,1,0.0673,26112606.0
3250,13,5,0,1,0.0597,1004087.0
57263,15,0,2,1,0.1412,35505259.0
63114,16,0,1,1,0.0993,29717655.0
80144,13,15,2,2,0.1547,79248549.0
3681,2,0,0,2,0.097,97850.0
64503,2,5,0,2,0.0939,1749708.0
84321,11,0,0,0,0.04,13999227.0
4407,25,0,0,1,0.0857,4634102.0
40529,28,10,2,1,0.1291,310385073.0
49901,16,5,2,1,0.1304,42009253.0
18427,17,15,1,0,0.0776,23326974.0
22747,26,0,0,1,0.0634,18071286.0
14555,3,0,2,2,0.151,665986.0
94130,28,15,2,1,0.1313,1309764833.0
66927,29,15,0,1,0.0454,427559445.0
71355,29,5,2,0,0.1213,338868004.0
24263,26,15,0,1,0.0723,126136772.0
72520,27,0,1,1,0.1324,226111503.0
72899,23,5,0,0,0.0549,64785812.0
6127,1,5,0,2,0.085,77000.0
62453,18,15,2,2,0.148,167578033.0
59389,14,5,1,1,0.109,30299188.0
13512,22,0,1,2,0.1345,21894480.0
64722,9,0,2,1,0.135,13654857.0
5037,28,0,1,1,0.1106,11483016.0
94159,9,5,1,0,0.109,20481956.0
7854,12,15,0,1,0.0662,3753886.0
26733,24,0,2,0,0.1011,32666585.0
86169,3,10,1,0,0.0987,3972441.0
94739,2,15,1,1,0.1131,2743481.0
35311,1,5,1,0,0.0729,440845.0
18175,27,0,0,1,0.0743,18860833.0
91548,27,5,0,1,0.06,126312335.0
88090,9,0,2,1,0.1444,19556279.0
56195,13,5,2,0,0.1391,30704939.0
29090,21,10,0,0,0.0482,32889337.0
64479,28,5,2,1,0.1508,470449380.0
46636,16,5,2,1,0.1277,38265458.0
39866,19,5,2,0,0.1048,39974331.0
99248,10,0,0,1,0.0902,19369241.0
54934,26,15,0,2,0.0931,350532508.0
74334,27,5,1,0,0.0964,178149909.0
54111,5,15,1,1,0.1215,5844034.0
87284,14,0,1,1,0.1047,33343087.0
2716,27,5,1,2,0.1383,13419075.0
37404,15,0,2,0,0.1267,20137020.0
45324,28,15,2,1,0.1271,596521094.0
74406,3,0,0,2,0.1051,3160631.0
57513,9,0,2,1,0.1531,13384073.0
80218,29,15,2,1,0.1272,1251513238.0
23055,1,0,2,0,0.122,295642.0
46133,1,15,1,2,0.1277,593420.0
74916,19,15,0,2,0.1042,164917505.0
72262,6,5,1,1,0.0959,7887360.0
8557,11,5,2,0,0.156,3602367.0
98304,18,0,2,0,0.1183,73698860.0
90702,14,0,0,1,0.0774,27524599.0
36486,16,0,1,1,0.1239,22082342.0
52557,1,10,2,1,0.138,679889.0
41655,24,10,0,1,0.0689,83476166.0
63398,27,5,2,2,0.155,427677762.0
95042,10,15,2,1,0.1311,41332581.0
90638,25,10,0,1,0.0727,214775409.0
64823,10,10,0,2,0.0886,18654820.0
75630,13,15,2,1,0.1349,65698632.0
85801,28,0,0,2,0.0855,119616658.0
24094,1,0,2,0,0.1258,309601.0
14353,3,10,1,1,0.102,665043.0
62850,14,10,2,2,0.1575,60933881.0
46953,21,15,0,1,0.079,117448603.0
81709,16,15,1,1,0.1125,111062732.0
34411,23,10,0,0,0.04,45923298.0
12264,26,15,2,1,0.1398,134551219.0
34445,20,0,0,1,0.0744,19043654.0
16931,6,5,2,0,0.1299,2060811.0
43059,1,10,0,2,0.0824,540375.0
3650,20,5,0,2,0.0844,3309415.0
70005,24,15,2,2,0.153,630761786.0
44024,5,5,1,1,0.1035,3797487.0
12592,8,10,2,1,0.1441,3030825.0
57238,12,15,1,2,0.1359,40268277.0
44831,1,5,1,1,0.1205,574415.0
44390,13,0,1,1,0.1091,15290188.0
72220,26,10,1,1,0.0959,258023771.0
52839,9,10,2,1,0.1467,16353292.0
14457,20,10,2,0,0.1216,29250052.0
73132,25,10,1,0,0.0906,213795268.0
81687,24,15,1,1,0.0972,393454054.0
8074,8,0,1,1,0.108,1234437.0
99795,13,0,1,2,0.1181,36934503.0
53653,28,5,1,1,0.1148,198714232.0
58344,2,10,1,1,0.1057,1639521.0
53808,15,10,0,1,0.0648,31005280.0
54919,14,5,1,0,0.0746,21512551.0
33979,19,15,0,0,0.0603,53110327.0
47412,26,0,2,0,0.1174,97185748.0
70258,9,10,2,1,0.1409,21143293.0
12709,19,5,1,0,0.0826,10034313.0
43925,14,0,2,0,0.1035,16603364.0
17687,8,5,2,2,0.1547,3861550.0
66066,5,5,1,0,0.0863,5446831.0
37540,7,15,2,0,0.1229,7404860.0
19165,4,0,2,2,0.1564,1283941.0
47889,8,10,1,1,0.1028,9712455.0
63055,4,0,1,0,0.075,3538677.0
30194,21,15,1,0,0.0905,83286249.0
42767,1,10,0,1,0.062,530780.0
56891,26,0,1,1,0.1232,129968389.0
57425,8,15,2,0,0.1215,14678411.0
12382,7,10,1,0,0.0956,1940463.0
95154,11,10,0,2,0.0875,32816821.0
87123,21,5,2,1,0.142,184532607.0
67889,16,5,0,1,0.0611,30731966.0
74907,22,15,2,1,0.1282,352076460.0
75608,17,10,1,0,0.0902,71255269.0
71234,24,0,0,1,0.0757,58150925.0
20184,25,10,1,2,0.1105,76005443.0
7902,27,15,2,0,0.115,75708511.0
21647,5,0,1,2,0.1484,1932738.0
50374,26,10,1,0,0.0948,177307145.0
30140,7,0,2,1,0.1554,4589914.0
62717,10,5,0,0,0.0437,11679472.0
52730,13,0,2,1,0.1354,22483459.0
96757,20,5,2,1,0.1497,193251772.0
35546,15,0,1,1,0.1162,17302574.0
18004,6,5,2,1,0.1391,2257924.0
50073,2,15,0,1,0.0574,1369261.0
59557,4,0,2,1,0.1516,3947040.0
54206,21,10,2,0,0.1451,169418362.0
13505,14,15,1,1,0.0943,11094071.0
57618,25,15,0,0,0.064,238332214.0
88350,29,0,1,1,0.1053,202324156.0
38031,25,15,1,2,0.1267,298096044.0
44787,24,5,0,0,0.0527,42599047.0
15577,29,5,0,2,0.0779,34206112.0
63625,15,0,2,2,0.1596,47449462.0
9043,28,15,0,1,0.0539,53720439.0
35130,14,10,1,0,0.0948,21323487.0
93950,4,0,0,2,0.1123,5713400.0
60846,6,0,0,2,0.0836,5703392.0
52392,7,15,0,0,0.0483,8074123.0
55673,13,5,1,2,0.1288,28128742.0
7744,17,15,2,2,0.1699,20641842.0
51390,29,10,2,1,0.1441,590180158.0
40260,17,10,1,2,0.1392,58754450.0
54760,4,10,2,1,0.1349,3994908.0
4470,19,10,2,1,0.1443,9788078.0
32643,26,0,1,1,0.0763,32172632.0
94347,20,10,1,0,0.0967,147318093.0
5201,13,10,2,1,0.1278,3327807.0
71887,29,10,0,0,0.0467,203099304.0
81863,9,15,2,1,0.1475,30117677.0
28340,2,5,0,2,0.0746,753359.0
94716,20,5,1,0,0.1009,103608489.0
14488,23,5,0,1,0.0688,15222004.0
96910,18,10,0,1,0.0845,100988775.0
6413,24,15,0,0,0.041,18867269.0
41200,26,0,1,2,0.1119,76217676.0
61179,20,15,2,1,0.1397,223644822.0
23355,25,0,2,1,0.1459,71011716.0
14831,17,15,0,0,0.0567,16285203.0
90357,7,5,2,0,0.1086,12984758.0
77962,17,5,1,0,0.0738,44367849.0
65310,27,10,1,0,0.0869,236515355.0
37396,10,5,1,1,0.1152,10145806.0
63356,27,5,1,1,0.1147,206044093.0
51920,25,5,2,0,0.1357,183216193.0
39120,14,15,0,0,0.0463,24208586.0
94621,28,5,0,1,0.0516,126539343.0
48786,26,0,0,2,0.102,75343512.0
18925,12,10,1,1,0.112,9043540.0
47006,29,15,2,0,0.1228,692105518.0
68627,26,0,2,2,0.1677,372959023.0
11842,12,15,2,2,0.1726,10434904.0
76459,17,5,2,1,0.1398,83173625.0
80363,19,15,2,1,0.1518,272541108.0
25126,28,15,2,1,0.1455,425285625.0
74819,23,10,0,2,0.0834,154379751.0
71390,14,15,1,1,0.1077,63859117.0
59074,29,15,0,2,0.0962,626370492.0
38817,17,10,2,0,0.1129,44507960.0
6557,15,15,1,1,0.1189,7698127.0
5432,21,15,1,2,0.1316,22049763.0
13006,6,0,1,2,0.1338,1441252.0
30989,19,0,1,1,0.1244,28696357.0
59043,29,15,2,2,0.1636,1573242663.0
38788,22,15,2,1,0.1407,208365666.0
65167,20,5,1,1,0.1092,78578471.0
53166,6,0,2,1,0.1387,5989397.0
27887,6,5,1,1,0.1131,3215463.0
23632,4,15,2,1,0.1536,1912546.0
97479,1,5,1,1,0.1039,1237704.0
94602,19,5,2,1,0.1331,131244756.0
67513,11,10,0,0,0.0629,20425480.0
87130,26,10,0,0,0.0443,171322486.0
40802,7,15,2,2,0.1622,9239929.0
35026,2,0,2,0,0.1141,948197.0
84217,4,15,0,0,0.04,5442846.0
76706,6,0,2,1,0.142,8740092.0
73933,5,10,1,1,0.1212,7300844.0
31083,22,0,2,1,0.1394,54380717.0
2732,21,5,2,0,0.1052,3581398.0
3942,9,5,0,0,0.0511,652394.0
60853,11,10,0,2,0.0824,20419660.0
98084,28,15,2,2,0.1338,1411782909.0
10429,29,0,1,0,0.0892,17185262.0
96277,18,15,2,1,0.1452,251799289.0
38268,20,0,1,1,0.1218,39168919.0
58676,17,10,1,1,0.1276,76813672.0
23517,28,5,2,1,0.1465,157664857.0
64727,13,5,1,1,0.1193,30460297.0
96485,23,0,0,1,0.0572,55190071.0
29899,17,15,1,1,0.1262,54698748.0
16068,22,10,1,0,0.1027,35731886.0
66701,26,10,1,1,0.1063,273427136.0
79408,10,15,0,2,0.0968,29298646.0
87752,29,5,0,1,0.0758,186081737.0
96742,25,15,2,1,0.1547,1073923202.0
30269,18,5,1,2,0.1285,34167257.0
95800,17,0,0,2,0.0825,42751581.0
13219,12,10,1,1,0.1051,6056341.0
85694,15,0,1,1,0.119,42814370.0
60043,27,15,2,1,0.1208,616962326.0
26989,27,15,1,0,0.06,145896924.0
66263,27,0,0,1,0.0789,74707544.0
43406,26,15,2,2,0.1627,649131888.0
94594,29,15,2,1,0.1402,1769089819.0
90668,19,15,1,0,0.0769,160402366.0
17830,22,10,1,0,0.0729,28871384.0
29050,15,10,0,1,0.0637,16606368.0
33864,13,5,1,1,0.1136,15275312.0
44677,7,10,0,1,0.0641,6278617.0
20641,11,0,1,1,0.119,5630840.0
96911,8,0,0,0,0.0405,11000939.0
14555,20,10,1,1,0.1048,24678618.0
87646,16,0,2,1,0.147,67794316.0
24235,24,15,0,1,0.0662,87594849.0
29959,23,10,2,1,0.1367,117549684.0
41957,11,5,2,0,0.1136,13505549.0
62601,24,5,2,2,0.1517,246443858.0
65414,5,10,2,1,0.1435,6846260.0
89634,26,0,0,2,0.0948,121844994.0
16309,7,10,1,0,0.0923,2525974.0
15105,16,10,2,0,0.1138,14800986.0
50813,16,5,1,1,0.108,34644935.0
61833,20,15,0,2,0.106,164729436.0
75208,29,15,1,2,0.1158,1010889231.0
31328,17,10,0,2,0.1089,34658185.0
64756,19,5,1,0,0.091,55857769.0
80614,28,5,0,2,0.0882,188914783.0
38430,26,10,0,2,0.0995,143884587.0
41583,15,10,1,0,0.0693,24729356.0
37029,25,10,2,1,0.1538,258186065.0
1405,15,15,2,1,0.1586,2215882.0
55012,27,10,1,0,0.1009,240125750.0
4560,20,5,2,1,0.119,6186746.0
12575,21,10,2,2,0.1676,52133949.0
78395,15,5,0,2,0.1065,45542884.0
97148,3,5,1,2,0.1454,4606929.0
14153,12,0,2,1,0.1259,4764588.0
43077,27,5,2,1,0.1502,265385788.0
28013,6,0,2,1,0.158,3372167.0
7690,20,10,1,1,0.1103,13800666.0
88251,5,0,2,0,0.1055,6994596.0
62053,11,15,2,1,0.1483,37328325.0
67277,23,15,2,1,0.1505,487143557.0
77967,12,15,0,0,0.0486,34101327.0
8181,7,10,1,0,0.0781,1206049.0
32305,9,5,2,2,0.1698,9575406.0
8731,18,15,0,1,0.0623,11754881.0
60175,14,0,1,1,0.114,24908257.0
95250,4,10,0,2,0.1056,6540758.0
73559,8,10,0,1,0.0534,12285359.0
1910,16,0,1,0,0.0991,897711.0
95124,4,0,2,1,0.1379,6117413.0
38470,28,10,2,0,0.1182,248188000.0
48341,19,10,0,0,0.0551,45014058.0
88718,26,5,1,2,0.1223,288034883.0
57850,6,10,1,1,0.0982,7121168.0
30390,19,0,2,1,0.1222,27343563.0
65229,15,10,0,1,0.0823,42559019.0
64891,12,10,2,0,0.1163,31854266.0
5038,12,0,1,1,0.1157,1573109.0
29215,2,5,1,0,0.0851,785229.0
98101,9,10,2,1,0.1284,27820040.0
86365,3,15,2,1,0.1465,4479533.0
33899,1,15,1,0,0.0933,427939.0
44016,14,0,0,1,0.0676,12336114.0
23246,28,0,1,0,0.093,37443238.0
50304,28,0,0,1,0.0604,44222233.0
19862,13,15,2,1,0.1506,19109343.0
58826,29,0,2,1,0.1529,378690060.0
23500,25,15,0,2,0.0976,133788041.0
83224,5,5,1,1,0.1063,7230855.0
82818,7,0,1,2,0.1306,11403638.0
3519,14,10,0,1,0.0857,2006212.0
7112,16,5,0,2,0.1028,4624924.0
1992,18,15,0,1,0.0899,3283028.0
6647,14,0,0,1,0.0622,1783235.0
95550,1,10,1,2,0.1213,1224799.0
8597,6,15,2,1,0.1413,1347101.0
65167,29,5,1,2,0.1341,396480358.0
58170,21,10,0,1,0.0686,79238065.0
26633,10,5,1,1,0.1061,6874264.0
17854,6,0,0,1,0.0827,1668462.0
70102,2,10,0,0,0.0491,1857639.0
42472,7,0,0,1,0.0578,4406503.0
69821,17,15,0,2,0.079,89258882.0
78565,27,15,1,2,0.1325,934985342.0
79382,24,5,0,1,0.1,141400746.0
79615,14,0,1,1,0.1002,29266163.0
75087,23,0,1,1,0.1069,89758721.0
